store_id,store_code,store_name,store_type,address,city,state,region_id,manager_name,opening_date,square_feet,status
5001,ST-5001,Berlin Popup Store,STANDARD,6914 Park St,BERLIN,BE,5,Manager 9798,2018-10-07,14719,ACTIVE
5002,ST-5002,Boston Standard Store,OUTLET,5524 Oak St,BOSTON,MA,1,Manager 5809,2020-06-25,8658,CLOSED
5003,ST-5003,Berlin Popup Store,FLAGSHIP,1979 Oak St,BERLIN,BE,5,Manager 8301,2023-04-30,9375,CLOSED
5004,ST-5004,Mumbai Flagship Store,OUTLET,6348 Main St,MUMBAI,MH,6,Manager 7322,2020-09-25,9907,CLOSED
5005,ST-5005,Chennai Flagship Store,POPUP,6243 Park St,CHENNAI,TN,6,Manager 9335,2021-03-04,16100,RENOVATION
5006,ST-5006,Los Angeles Standard Store,OUTLET,8519 Main St,LOS ANGELES,CA,2,Manager 2572,2021-04-29,6985,CLOSED
5007,ST-5007,Munich Flagship Store,STANDARD,3592 Maple St,MUNICH,BY,5,Manager 2702,2018-01-31,8236,CLOSED
5008,ST-5008,Delhi Flagship Store,STANDARD,489 Maple St,DELHI,DL,6,Manager 6434,2022-11-18,2741,ACTIVE
5009,ST-5009,Chicago Standard Store,OUTLET,9243 Main St,CHICAGO,IL,3,Manager 4729,2018-08-11,9975,RENOVATION
5010,ST-5010,Denver Express Store,EXPRESS,5283 Main St,DENVER,CO,3,Manager 7381,2023-01-22,23562,ACTIVE
5011,ST-5011,Munich Popup Store,FLAGSHIP,9694 Main St,MUNICH,BY,5,Manager 2189,2018-01-25,13221,CLOSED
5012,ST-5012,Houston Outlet Store,POPUP,1517 Oak St,HOUSTON,TX,3,Manager 8170,2021-04-02,13998,RENOVATION
5013,ST-5013,Hyderabad Express Store,STANDARD,8840 Elm St,HYDERABAD,TS,6,Manager 3234,2018-05-07,14312,CLOSED
5014,ST-5014,San Jose Outlet Store,OUTLET,282 Park St,SAN JOSE,CA,2,Manager 3316,2019-08-14,5538,ACTIVE
5015,ST-5015,New York Popup Store,EXPRESS,8900 Park St,NEW YORK,NY,1,Manager 2394,2024-06-03,11484,ACTIVE
5016,ST-5016,Chennai Standard Store,EXPRESS,8497 Elm St,CHENNAI,TN,6,Manager 3637,2021-11-09,7529,ACTIVE
5017,ST-5017,Mumbai Standard Store,FLAGSHIP,3071 Park St,MUMBAI,MH,6,Manager 1891,2020-11-01,19484,RENOVATION
5018,ST-5018,Bangalore Flagship Store,OUTLET,1203 Oak St,BANGALORE,KA,6,Manager 2608,2024-03-01,7968,CLOSED
5019,ST-5019,Birmingham Outlet Store,STANDARD,3942 Main St,BIRMINGHAM,ENG,4,Manager 5671,2021-09-17,21800,ACTIVE
5020,ST-5020,San Antonio Express Store,EXPRESS,5479 Park St,SAN ANTONIO,TX,3,Manager 6008,2021-07-25,24223,CLOSED
5021,ST-5021,Phoenix Popup Store,OUTLET,5282 Maple St,PHOENIX,AZ,2,Manager 3762,2024-05-05,1658,ACTIVE
5022,ST-5022,San Diego Express Store,OUTLET,5989 Elm St,SAN DIEGO,CA,2,Manager 6432,2020-06-26,17227,RENOVATION
5023,ST-5023,Manchester Outlet Store,EXPRESS,9138 Main St,MANCHESTER,ENG,4,Manager 3879,2022-01-09,22653,CLOSED
5024,ST-5024,Chicago Standard Store,POPUP,3318 Oak St,CHICAGO,IL,3,Manager 2252,2021-02-23,3970,ACTIVE
5025,ST-5025,Berlin Popup Store,POPUP,6737 Park St,BERLIN,BE,5,Manager 4485,2018-05-08,2701,CLOSED
5026,ST-5026,Dallas Popup Store,EXPRESS,2535 Oak St,DALLAS,TX,3,Manager 7430,2024-02-05,8817,CLOSED
5027,ST-5027,Chennai Standard Store,EXPRESS,8310 Park St,CHENNAI,TN,6,Manager 2483,2021-04-06,14501,ACTIVE
5028,ST-5028,Berlin Standard Store,POPUP,2817 Park St,BERLIN,BE,5,Manager 3299,2018-02-13,16121,ACTIVE
5029,ST-5029,Philadelphia Popup Store,STANDARD,8021 Oak St,PHILADELPHIA,PA,1,Manager 1662,2024-05-08,8670,RENOVATION
5030,ST-5030,San Diego Outlet Store,OUTLET,3934 Main St,SAN DIEGO,CA,2,Manager 4387,2018-09-15,18470,ACTIVE
5031,ST-5031,Denver Express Store,FLAGSHIP,753 Oak St,DENVER,CO,3,Manager 2691,2023-04-08,24560,CLOSED
5032,ST-5032,Bangalore Outlet Store,POPUP,9018 Park St,BANGALORE,KA,6,Manager 3848,2021-01-25,13842,RENOVATION
5033,ST-5033,Boston Flagship Store,POPUP,4221 Maple St,BOSTON,MA,1,Manager 4651,2024-08-04,18420,RENOVATION
5034,ST-5034,Boston Express Store,EXPRESS,9999 Main St,BOSTON,MA,1,Manager 9222,2021-11-14,6053,RENOVATION
5035,ST-5035,Philadelphia Flagship Store,POPUP,4700 Elm St,PHILADELPHIA,PA,1,Manager 3461,2020-07-31,7624,ACTIVE
5036,ST-5036,Boston Flagship Store,STANDARD,6893 Oak St,BOSTON,MA,1,Manager 2856,2024-10-01,17278,RENOVATION
5037,ST-5037,Birmingham Popup Store,STANDARD,6832 Main St,BIRMINGHAM,ENG,4,Manager 4992,2020-05-13,2913,ACTIVE
5038,ST-5038,Hamburg Standard Store,STANDARD,8499 Main St,HAMBURG,HH,5,Manager 3406,2024-08-23,3332,ACTIVE
5039,ST-5039,Dallas Popup Store,EXPRESS,9919 Park St,DALLAS,TX,3,Manager 1305,2020-01-08,23184,ACTIVE
5040,ST-5040,Chicago Express Store,POPUP,7823 Maple St,CHICAGO,IL,3,Manager 3794,2020-06-06,8688,RENOVATION
5041,ST-5041,Mumbai Popup Store,STANDARD,8469 Oak St,MUMBAI,MH,6,Manager 3747,2019-08-08,23965,ACTIVE
5042,ST-5042,Manchester Popup Store,FLAGSHIP,3865 Maple St,MANCHESTER,ENG,4,Manager 7315,2024-09-09,5832,ACTIVE
5043,ST-5043,New York Popup Store,POPUP,6977 Elm St,NEW YORK,NY,1,Manager 2577,2020-04-08,7313,RENOVATION
5044,ST-5044,Mumbai Flagship Store,POPUP,8346 Main St,MUMBAI,MH,6,Manager 2526,2024-09-22,17302,ACTIVE
5045,ST-5045,Mumbai Flagship Store,EXPRESS,8653 Maple St,MUMBAI,MH,6,Manager 7068,2024-01-18,2923,CLOSED
5046,ST-5046,London Express Store,EXPRESS,5842 Park St,LONDON,ENG,4,Manager 2600,2020-07-28,15442,ACTIVE
5047,ST-5047,Dallas Standard Store,FLAGSHIP,4741 Park St,DALLAS,TX,3,Manager 9908,2023-05-09,14890,ACTIVE
5048,ST-5048,San Antonio Flagship Store,POPUP,8661 Main St,SAN ANTONIO,TX,3,Manager 9515,2018-01-23,1735,RENOVATION
5049,ST-5049,Bangalore Outlet Store,EXPRESS,6035 Main St,BANGALORE,KA,6,Manager 3535,2020-04-21,15461,CLOSED
5050,ST-5050,Dallas Popup Store,EXPRESS,9351 Oak St,DALLAS,TX,3,Manager 5514,2020-12-06,23802,RENOVATION
5051,ST-5051,Sao Paulo Express Store,POPUP,9235 Maple St,SAO PAULO,SP,7,Manager 3928,2020-04-14,13631,CLOSED
5052,ST-5052,Munich Outlet Store,OUTLET,9564 Oak St,MUNICH,BY,5,Manager 7522,2023-06-05,6024,ACTIVE
5053,ST-5053,Chennai Express Store,STANDARD,1742 Elm St,CHENNAI,TN,6,Manager 9328,2020-07-30,14625,ACTIVE
5054,ST-5054,Rio De Janeiro Popup Store,FLAGSHIP,2733 Maple St,RIO DE JANEIRO,RJ,7,Manager 1086,2024-03-05,4484,ACTIVE
5055,ST-5055,Birmingham Express Store,FLAGSHIP,1149 Oak St,BIRMINGHAM,ENG,4,Manager 4633,2024-09-24,13651,ACTIVE
5056,ST-5056,Mumbai Express Store,EXPRESS,8636 Oak St,MUMBAI,MH,6,Manager 1941,2018-06-04,7243,RENOVATION
5057,ST-5057,Manchester Standard Store,POPUP,4785 Elm St,MANCHESTER,ENG,4,Manager 1550,2018-02-13,21144,CLOSED
5058,ST-5058,Berlin Popup Store,STANDARD,690 Oak St,BERLIN,BE,5,Manager 4919,2020-08-06,22963,ACTIVE
5059,ST-5059,Philadelphia Outlet Store,EXPRESS,5885 Maple St,PHILADELPHIA,PA,1,Manager 7642,2018-12-22,20704,ACTIVE
5060,ST-5060,Berlin Flagship Store,FLAGSHIP,9104 Oak St,BERLIN,BE,5,Manager 6703,2018-03-04,12886,ACTIVE
5061,ST-5061,San Diego Standard Store,EXPRESS,6718 Park St,SAN DIEGO,CA,2,Manager 1076,2024-10-19,10055,ACTIVE
5062,ST-5062,London Flagship Store,POPUP,1285 Park St,LONDON,ENG,4,Manager 5821,2023-09-05,12640,ACTIVE
5063,ST-5063,Rio De Janeiro Outlet Store,POPUP,9519 Oak St,RIO DE JANEIRO,RJ,7,Manager 8254,2023-10-04,13856,CLOSED
5064,ST-5064,Birmingham Outlet Store,EXPRESS,7648 Park St,BIRMINGHAM,ENG,4,Manager 1448,2020-09-23,17293,ACTIVE
5065,ST-5065,Dallas Express Store,STANDARD,3867 Oak St,DALLAS,TX,3,Manager 7757,2018-10-04,13070,CLOSED
5066,ST-5066,Munich Outlet Store,STANDARD,4806 Main St,MUNICH,BY,5,Manager 7536,2018-02-09,23575,ACTIVE
5067,ST-5067,Chicago Standard Store,EXPRESS,5242 Oak St,CHICAGO,IL,3,Manager 4580,2024-03-21,20299,ACTIVE
5068,ST-5068,Philadelphia Express Store,STANDARD,3947 Elm St,PHILADELPHIA,PA,1,Manager 5348,2020-02-18,8275,ACTIVE
5069,ST-5069,San Antonio Popup Store,OUTLET,2655 Main St,SAN ANTONIO,TX,3,Manager 2964,2020-10-19,4071,RENOVATION
5070,ST-5070,Mumbai Popup Store,FLAGSHIP,8001 Oak St,MUMBAI,MH,6,Manager 6167,2018-01-28,17633,CLOSED
5071,ST-5071,Dallas Standard Store,POPUP,4691 Maple St,DALLAS,TX,3,Manager 4638,2023-07-04,20396,ACTIVE
5072,ST-5072,Los Angeles Express Store,EXPRESS,8959 Main St,LOS ANGELES,CA,2,Manager 9232,2023-11-24,12879,RENOVATION
5073,ST-5073,Hyderabad Express Store,FLAGSHIP,8590 Maple St,HYDERABAD,TS,6,Manager 6171,2019-12-17,24084,ACTIVE
5074,ST-5074,New York Express Store,POPUP,1750 Oak St,NEW YORK,NY,1,Manager 6924,2020-05-13,21579,ACTIVE
5075,ST-5075,Philadelphia Outlet Store,STANDARD,4513 Maple St,PHILADELPHIA,PA,1,Manager 6621,2024-02-25,13490,ACTIVE
5076,ST-5076,Birmingham Standard Store,EXPRESS,6199 Oak St,BIRMINGHAM,ENG,4,Manager 7563,2022-10-03,10662,RENOVATION
5077,ST-5077,Philadelphia Standard Store,POPUP,3844 Main St,PHILADELPHIA,PA,1,Manager 5422,2024-05-29,9226,CLOSED
5078,ST-5078,London Standard Store,STANDARD,2550 Maple St,LONDON,ENG,4,Manager 1159,2022-04-10,7287,RENOVATION
5079,ST-5079,Birmingham Popup Store,POPUP,5272 Maple St,BIRMINGHAM,ENG,4,Manager 5915,2019-07-05,9723,CLOSED
5080,ST-5080,Hamburg Express Store,FLAGSHIP,2776 Main St,HAMBURG,HH,5,Manager 4530,2018-07-15,9832,RENOVATION
5081,ST-5081,Bangalore Express Store,OUTLET,4356 Oak St,BANGALORE,KA,6,Manager 6903,2019-01-30,19861,CLOSED
5082,ST-5082,Rio De Janeiro Outlet Store,FLAGSHIP,6846 Main St,RIO DE JANEIRO,RJ,7,Manager 6752,2020-11-21,23768,CLOSED
5083,ST-5083,San Antonio Popup Store,POPUP,2959 Oak St,SAN ANTONIO,TX,3,Manager 6818,2024-06-20,12152,CLOSED
5084,ST-5084,Birmingham Flagship Store,EXPRESS,4794 Maple St,BIRMINGHAM,ENG,4,Manager 3373,2023-01-05,6991,ACTIVE
5085,ST-5085,London Popup Store,EXPRESS,1268 Main St,LONDON,ENG,4,Manager 3654,2024-11-13,12759,ACTIVE
5086,ST-5086,Austin Outlet Store,OUTLET,6579 Oak St,AUSTIN,TX,3,Manager 8289,2021-07-21,13400,CLOSED
5087,ST-5087,Berlin Express Store,STANDARD,3112 Main St,BERLIN,BE,5,Manager 3048,2023-01-19,9188,ACTIVE
5088,ST-5088,Chennai Standard Store,STANDARD,6605 Main St,CHENNAI,TN,6,Manager 2565,2018-11-24,3590,RENOVATION
5089,ST-5089,Munich Flagship Store,EXPRESS,8684 Main St,MUNICH,BY,5,Manager 2702,2018-08-09,10100,CLOSED
5090,ST-5090,Phoenix Express Store,OUTLET,3857 Elm St,PHOENIX,AZ,2,Manager 5655,2018-12-12,16021,ACTIVE
5091,ST-5091,Phoenix Standard Store,FLAGSHIP,675 Oak St,PHOENIX,AZ,2,Manager 6328,2023-11-28,17102,RENOVATION
5092,ST-5092,Munich Popup Store,EXPRESS,2313 Park St,MUNICH,BY,5,Manager 3900,2021-01-20,20860,CLOSED
5093,ST-5093,Manchester Express Store,POPUP,8845 Oak St,MANCHESTER,ENG,4,Manager 6688,2024-04-29,17282,CLOSED
5094,ST-5094,San Diego Express Store,OUTLET,6092 Maple St,SAN DIEGO,CA,2,Manager 5256,2019-01-02,6602,ACTIVE
5095,ST-5095,New York Popup Store,STANDARD,5734 Oak St,NEW YORK,NY,1,Manager 8687,2018-01-01,19034,ACTIVE
5096,ST-5096,Delhi Express Store,OUTLET,249 Maple St,DELHI,DL,6,Manager 5799,2023-07-08,21062,ACTIVE
5097,ST-5097,Rio De Janeiro Popup Store,OUTLET,3189 Maple St,RIO DE JANEIRO,RJ,7,Manager 8161,2018-01-30,14435,ACTIVE
5098,ST-5098,Philadelphia Express Store,STANDARD,4408 Main St,PHILADELPHIA,PA,1,Manager 7917,2022-05-16,21990,ACTIVE
5099,ST-5099,Berlin Outlet Store,OUTLET,8815 Oak St,BERLIN,BE,5,Manager 7765,2024-11-16,7660,ACTIVE
5100,ST-5100,Philadelphia Outlet Store,FLAGSHIP,7560 Park St,PHILADELPHIA,PA,1,Manager 8418,2019-07-14,10417,CLOSED
5101,ST-5101,Birmingham Outlet Store,FLAGSHIP,2592 Main St,BIRMINGHAM,ENG,4,Manager 9764,2020-02-09,2225,ACTIVE
5102,ST-5102,Houston Outlet Store,STANDARD,7283 Main St,HOUSTON,TX,3,Manager 4814,2021-03-01,4455,ACTIVE
5103,ST-5103,New York Standard Store,OUTLET,6985 Oak St,NEW YORK,NY,1,Manager 9165,2023-07-15,13669,RENOVATION
5104,ST-5104,Delhi Outlet Store,FLAGSHIP,2493 Main St,DELHI,DL,6,Manager 5366,2018-05-10,14358,ACTIVE
5105,ST-5105,Munich Standard Store,STANDARD,4197 Maple St,MUNICH,BY,5,Manager 1206,2023-04-10,5496,ACTIVE
5106,ST-5106,Denver Standard Store,FLAGSHIP,3363 Maple St,DENVER,CO,3,Manager 2539,2022-12-20,18576,ACTIVE
5107,ST-5107,Birmingham Outlet Store,OUTLET,2698 Main St,BIRMINGHAM,ENG,4,Manager 9534,2022-05-13,5502,ACTIVE
5108,ST-5108,Birmingham Standard Store,OUTLET,953 Elm St,BIRMINGHAM,ENG,4,Manager 2850,2021-05-08,9232,RENOVATION
5109,ST-5109,Austin Standard Store,OUTLET,9679 Main St,AUSTIN,TX,3,Manager 7484,2018-03-03,9465,ACTIVE
5110,ST-5110,Los Angeles Express Store,POPUP,2639 Oak St,LOS ANGELES,CA,2,Manager 2466,2024-07-08,9650,ACTIVE
5111,ST-5111,Birmingham Popup Store,OUTLET,1083 Main St,BIRMINGHAM,ENG,4,Manager 6824,2019-01-10,22621,ACTIVE
5112,ST-5112,Delhi Flagship Store,STANDARD,8092 Elm St,DELHI,DL,6,Manager 6189,2024-01-06,19796,ACTIVE
5113,ST-5113,Rio De Janeiro Standard Store,FLAGSHIP,6289 Oak St,RIO DE JANEIRO,RJ,7,Manager 3207,2022-12-02,9714,ACTIVE
5114,ST-5114,Birmingham Popup Store,OUTLET,8992 Maple St,BIRMINGHAM,ENG,4,Manager 4109,2022-11-28,20069,ACTIVE
5115,ST-5115,Munich Outlet Store,EXPRESS,4610 Park St,MUNICH,BY,5,Manager 3627,2021-11-25,3756,CLOSED
5116,ST-5116,Phoenix Outlet Store,OUTLET,8973 Oak St,PHOENIX,AZ,2,Manager 8439,2023-01-15,1523,CLOSED
5117,ST-5117,Denver Flagship Store,POPUP,6065 Park St,DENVER,CO,3,Manager 4912,2020-01-30,12008,ACTIVE
5118,ST-5118,Hyderabad Express Store,STANDARD,8686 Maple St,HYDERABAD,TS,6,Manager 3525,2024-01-17,21588,ACTIVE
5119,ST-5119,Austin Outlet Store,FLAGSHIP,1677 Park St,AUSTIN,TX,3,Manager 2092,2022-08-06,2934,ACTIVE
5120,ST-5120,Philadelphia Standard Store,FLAGSHIP,8052 Elm St,PHILADELPHIA,PA,1,Manager 2617,2018-05-09,2542,CLOSED
5121,ST-5121,Bangalore Express Store,POPUP,9771 Oak St,BANGALORE,KA,6,Manager 1804,2022-05-11,13504,ACTIVE
5122,ST-5122,Mumbai Flagship Store,STANDARD,8151 Main St,MUMBAI,MH,6,Manager 8668,2018-10-18,22436,ACTIVE
5123,ST-5123,Boston Express Store,OUTLET,1055 Park St,BOSTON,MA,1,Manager 5355,2024-04-04,18834,ACTIVE
5124,ST-5124,Chennai Outlet Store,FLAGSHIP,3637 Park St,CHENNAI,TN,6,Manager 2591,2018-10-16,4816,ACTIVE
5125,ST-5125,Munich Standard Store,STANDARD,8721 Elm St,MUNICH,BY,5,Manager 3931,2022-04-28,19798,CLOSED
5126,ST-5126,London Popup Store,OUTLET,7615 Maple St,LONDON,ENG,4,Manager 2705,2019-03-09,6966,ACTIVE
5127,ST-5127,Munich Popup Store,OUTLET,2691 Park St,MUNICH,BY,5,Manager 8258,2022-07-03,13044,ACTIVE
5128,ST-5128,Munich Outlet Store,EXPRESS,7154 Oak St,MUNICH,BY,5,Manager 4943,2021-08-22,19953,CLOSED
5129,ST-5129,San Antonio Popup Store,OUTLET,5998 Maple St,SAN ANTONIO,TX,3,Manager 8331,2022-03-17,14511,ACTIVE
5130,ST-5130,Chennai Outlet Store,POPUP,367 Park St,CHENNAI,TN,6,Manager 3213,2018-05-22,11390,ACTIVE
5131,ST-5131,San Jose Standard Store,OUTLET,455 Oak St,SAN JOSE,CA,2,Manager 9376,2020-06-27,19729,CLOSED
5132,ST-5132,Hamburg Flagship Store,FLAGSHIP,7642 Oak St,HAMBURG,HH,5,Manager 3557,2019-09-26,6035,ACTIVE
5133,ST-5133,Boston Standard Store,STANDARD,4298 Oak St,BOSTON,MA,1,Manager 2505,2024-07-12,20193,RENOVATION
5134,ST-5134,Hamburg Flagship Store,OUTLET,8005 Elm St,HAMBURG,HH,5,Manager 8999,2020-06-09,24096,CLOSED
5135,ST-5135,Houston Outlet Store,FLAGSHIP,9541 Maple St,HOUSTON,TX,3,Manager 2285,2024-09-04,3332,ACTIVE
5136,ST-5136,Boston Express Store,FLAGSHIP,3814 Park St,BOSTON,MA,1,Manager 1187,2022-11-14,22271,RENOVATION
5137,ST-5137,Los Angeles Popup Store,FLAGSHIP,5331 Park St,LOS ANGELES,CA,2,Manager 3450,2021-06-02,12209,CLOSED
5138,ST-5138,Delhi Standard Store,FLAGSHIP,6536 Maple St,DELHI,DL,6,Manager 9269,2020-06-23,4451,ACTIVE
5139,ST-5139,London Express Store,STANDARD,2265 Oak St,LONDON,ENG,4,Manager 2352,2021-04-01,17092,CLOSED
5140,ST-5140,Chennai Popup Store,EXPRESS,4401 Main St,CHENNAI,TN,6,Manager 7529,2018-07-21,17943,RENOVATION
5141,ST-5141,Sao Paulo Standard Store,EXPRESS,9263 Elm St,SAO PAULO,SP,7,Manager 8993,2019-06-19,14453,CLOSED
5142,ST-5142,San Antonio Popup Store,POPUP,4134 Elm St,SAN ANTONIO,TX,3,Manager 2173,2024-04-17,10224,RENOVATION
5143,ST-5143,Austin Flagship Store,FLAGSHIP,6876 Maple St,AUSTIN,TX,3,Manager 6984,2024-06-17,12913,ACTIVE
5144,ST-5144,Austin Popup Store,FLAGSHIP,5094 Elm St,AUSTIN,TX,3,Manager 6729,2021-11-12,21692,RENOVATION
5145,ST-5145,Mumbai Express Store,FLAGSHIP,3925 Elm St,MUMBAI,MH,6,Manager 7124,2019-08-21,6611,ACTIVE
5146,ST-5146,Houston Standard Store,POPUP,2519 Oak St,HOUSTON,TX,3,Manager 1225,2018-08-12,12748,ACTIVE
5147,ST-5147,San Jose Express Store,FLAGSHIP,5537 Elm St,SAN JOSE,CA,2,Manager 9814,2023-01-18,8442,ACTIVE
5148,ST-5148,Munich Outlet Store,POPUP,8013 Park St,MUNICH,BY,5,Manager 3315,2023-11-14,24276,ACTIVE
5149,ST-5149,Denver Popup Store,FLAGSHIP,4285 Elm St,DENVER,CO,3,Manager 1984,2024-07-15,10806,ACTIVE
5150,ST-5150,Rio De Janeiro Outlet Store,FLAGSHIP,7717 Main St,RIO DE JANEIRO,RJ,7,Manager 2091,2024-12-06,14235,ACTIVE
5151,ST-5151,Hyderabad Flagship Store,FLAGSHIP,4892 Maple St,HYDERABAD,TS,6,Manager 4787,2022-01-15,13974,CLOSED
5152,ST-5152,Delhi Outlet Store,EXPRESS,9882 Park St,DELHI,DL,6,Manager 2442,2019-02-12,7608,ACTIVE
5153,ST-5153,Berlin Popup Store,FLAGSHIP,751 Elm St,BERLIN,BE,5,Manager 9673,2023-02-19,11491,ACTIVE
5154,ST-5154,Birmingham Standard Store,FLAGSHIP,5781 Oak St,BIRMINGHAM,ENG,4,Manager 6822,2022-05-31,21987,ACTIVE
5155,ST-5155,San Diego Outlet Store,FLAGSHIP,4321 Maple St,SAN DIEGO,CA,2,Manager 1482,2023-08-16,19684,ACTIVE
5156,ST-5156,San Diego Outlet Store,EXPRESS,2348 Main St,SAN DIEGO,CA,2,Manager 7262,2019-09-14,18562,CLOSED
5157,ST-5157,Bangalore Express Store,STANDARD,9486 Elm St,BANGALORE,KA,6,Manager 7987,2020-07-20,11736,CLOSED
5158,ST-5158,Austin Popup Store,STANDARD,3487 Elm St,AUSTIN,TX,3,Manager 9869,2023-01-14,23914,ACTIVE
5159,ST-5159,Phoenix Popup Store,STANDARD,7146 Elm St,PHOENIX,AZ,2,Manager 3589,2021-06-19,11903,ACTIVE
5160,ST-5160,Munich Flagship Store,STANDARD,5303 Elm St,MUNICH,BY,5,Manager 1483,2023-12-24,11942,RENOVATION
5161,ST-5161,London Express Store,OUTLET,2589 Elm St,LONDON,ENG,4,Manager 2749,2021-05-27,5810,ACTIVE
5162,ST-5162,New York Popup Store,OUTLET,9390 Park St,NEW YORK,NY,1,Manager 4783,2024-11-11,21041,ACTIVE
5163,ST-5163,San Diego Outlet Store,FLAGSHIP,7908 Elm St,SAN DIEGO,CA,2,Manager 9230,2018-04-17,21315,RENOVATION
5164,ST-5164,Delhi Standard Store,EXPRESS,8151 Maple St,DELHI,DL,6,Manager 3253,2022-03-12,6866,ACTIVE
5165,ST-5165,San Diego Express Store,FLAGSHIP,4521 Maple St,SAN DIEGO,CA,2,Manager 4646,2018-05-13,23498,ACTIVE
5166,ST-5166,Sao Paulo Flagship Store,STANDARD,7297 Park St,SAO PAULO,SP,7,Manager 9027,2020-04-17,24039,ACTIVE
5167,ST-5167,Manchester Express Store,EXPRESS,785 Park St,MANCHESTER,ENG,4,Manager 7232,2020-10-07,11753,RENOVATION
5168,ST-5168,Mumbai Popup Store,POPUP,8705 Main St,MUMBAI,MH,6,Manager 9530,2024-05-31,5082,RENOVATION
5169,ST-5169,Manchester Standard Store,POPUP,8912 Maple St,MANCHESTER,ENG,4,Manager 1643,2018-06-23,19774,RENOVATION
5170,ST-5170,Berlin Standard Store,OUTLET,7301 Maple St,BERLIN,BE,5,Manager 5989,2018-07-21,10868,RENOVATION
5171,ST-5171,Philadelphia Outlet Store,POPUP,993 Park St,PHILADELPHIA,PA,1,Manager 3330,2022-09-27,16690,RENOVATION
5172,ST-5172,Chicago Flagship Store,STANDARD,9691 Park St,CHICAGO,IL,3,Manager 3216,2023-08-13,14380,RENOVATION
5173,ST-5173,Austin Flagship Store,STANDARD,7533 Park St,AUSTIN,TX,3,Manager 4308,2023-01-21,16399,ACTIVE
5174,ST-5174,Dallas Standard Store,FLAGSHIP,1594 Main St,DALLAS,TX,3,Manager 8362,2021-08-20,22277,ACTIVE
5175,ST-5175,Chicago Express Store,POPUP,2719 Maple St,CHICAGO,IL,3,Manager 7235,2023-11-16,2938,ACTIVE
5176,ST-5176,Austin Standard Store,STANDARD,2469 Elm St,AUSTIN,TX,3,Manager 1840,2024-05-05,15248,ACTIVE
5177,ST-5177,San Jose Outlet Store,STANDARD,2026 Elm St,SAN JOSE,CA,2,Manager 4323,2023-01-02,1615,CLOSED
5178,ST-5178,Sao Paulo Flagship Store,EXPRESS,8253 Maple St,SAO PAULO,SP,7,Manager 9904,2020-11-02,1688,CLOSED
5179,ST-5179,Birmingham Standard Store,POPUP,7894 Maple St,BIRMINGHAM,ENG,4,Manager 7719,2020-09-01,15979,ACTIVE
5180,ST-5180,Mumbai Flagship Store,STANDARD,9067 Oak St,MUMBAI,MH,6,Manager 4401,2024-09-24,3102,ACTIVE
5181,ST-5181,Phoenix Outlet Store,FLAGSHIP,2481 Main St,PHOENIX,AZ,2,Manager 5889,2018-08-14,12349,ACTIVE
5182,ST-5182,Los Angeles Express Store,STANDARD,2743 Oak St,LOS ANGELES,CA,2,Manager 3906,2019-03-23,16420,CLOSED
5183,ST-5183,Boston Flagship Store,OUTLET,5389 Oak St,BOSTON,MA,1,Manager 7208,2018-05-27,3717,RENOVATION
5184,ST-5184,Munich Outlet Store,EXPRESS,2304 Main St,MUNICH,BY,5,Manager 5496,2018-09-23,12287,CLOSED
5185,ST-5185,London Standard Store,STANDARD,1053 Main St,LONDON,ENG,4,Manager 9666,2023-11-19,4372,RENOVATION
5186,ST-5186,Chennai Outlet Store,EXPRESS,5285 Oak St,CHENNAI,TN,6,Manager 9608,2024-10-13,20346,CLOSED
5187,ST-5187,Boston Popup Store,POPUP,8232 Park St,BOSTON,MA,1,Manager 9154,2019-06-16,17638,ACTIVE
5188,ST-5188,Mumbai Outlet Store,STANDARD,125 Main St,MUMBAI,MH,6,Manager 1392,2020-08-11,16733,ACTIVE
5189,ST-5189,Chennai Popup Store,EXPRESS,6883 Main St,CHENNAI,TN,6,Manager 6468,2020-04-29,12957,CLOSED
5190,ST-5190,Rio De Janeiro Flagship Store,STANDARD,4714 Oak St,RIO DE JANEIRO,RJ,7,Manager 2111,2020-05-19,11585,ACTIVE
5191,ST-5191,Berlin Outlet Store,FLAGSHIP,1965 Oak St,BERLIN,BE,5,Manager 6592,2024-03-02,14477,CLOSED
5192,ST-5192,Mumbai Standard Store,STANDARD,5515 Oak St,MUMBAI,MH,6,Manager 8849,2018-04-30,17048,ACTIVE
5193,ST-5193,Bangalore Express Store,STANDARD,7646 Park St,BANGALORE,KA,6,Manager 6490,2019-07-11,16654,RENOVATION
5194,ST-5194,Chennai Popup Store,OUTLET,9356 Oak St,CHENNAI,TN,6,Manager 9779,2018-08-18,2113,ACTIVE
5195,ST-5195,Hamburg Outlet Store,FLAGSHIP,2546 Oak St,HAMBURG,HH,5,Manager 1510,2021-09-20,12613,RENOVATION
5196,ST-5196,Bangalore Standard Store,POPUP,6482 Elm St,BANGALORE,KA,6,Manager 2914,2023-12-29,11601,ACTIVE
5197,ST-5197,Delhi Outlet Store,EXPRESS,1522 Maple St,DELHI,DL,6,Manager 4893,2018-05-10,13676,RENOVATION
5198,ST-5198,San Jose Popup Store,OUTLET,2967 Main St,SAN JOSE,CA,2,Manager 7131,2020-06-04,2725,ACTIVE
5199,ST-5199,Chicago Popup Store,FLAGSHIP,8007 Park St,CHICAGO,IL,3,Manager 3524,2022-12-23,7732,ACTIVE
5200,ST-5200,Birmingham Outlet Store,OUTLET,2447 Main St,BIRMINGHAM,ENG,4,Manager 9456,2023-11-15,23674,ACTIVE
