product_id,sku,product_name,category,sub_category,brand,supplier,unit_cost,list_price,launch_date,status
10001,SKU-IN-10001,ASIAN PAINTS Mens Ethnic Model 858,APPAREL,MENS ETHNIC,ASIAN PAINTS,FLIPKART WHOLESALE,217.41,455.9,2023-10-17,DISCONTINUED
10002,SKU-IN-10002,BOAT Laptops Model 303,ELECTRONICS,LAPTOPS,BOAT,UDAAN DISTRIBUTORS,224.5,436.05,2023-02-23,ACTIVE
10003,SKU-IN-10003,ASIAN PAINTS Ages 9+ Model 448,TOYS,AGES 9+,ASIAN PAINTS,TATA DIGITAL,619.11,887.56,2022-05-15,ACTIVE
10004,SKU-IN-10004,MAMAEARTH Atta & Dal Model 718,GROCERIES,ATTA & DAL,MAMAEARTH,TATA DIGITAL,334.95,556.96,2021-12-05,ACTIVE
10005,SKU-IN-10005,MAMAEARTH Ages 9+ Model 733,TOYS,AGES 9+,MAMAEARTH,DMART WHOLESALE,1367.36,2170.21,2023-07-11,ACTIVE
10006,SKU-IN-10006,PARLE Mens Ethnic Model 203,APPAREL,MENS ETHNIC,PARLE,UDAAN DISTRIBUTORS,7893.59,17631.24,2024-11-09,ACTIVE
10007,SKU-IN-10007,SAMSUNG Ages 9+ Model 818,TOYS,AGES 9+,SAMSUNG,FLIPKART WHOLESALE,327.64,488.49,2021-06-30,ACTIVE
10008,SKU-IN-10008,PUMA Snacks Model 670,GROCERIES,SNACKS,PUMA,BIG BASKET SUPPLY,2743.62,6349.29,2023-11-10,ACTIVE
10009,SKU-IN-10009,RELIANCE Mobiles Model 997,ELECTRONICS,MOBILES,RELIANCE,DMART WHOLESALE,3688.39,4891.24,2023-03-07,ACTIVE
10010,SKU-IN-10010,PUMA Ages 4-8 Model 651,TOYS,AGES 4-8,PUMA,TATA DIGITAL,248.66,381.35,2023-02-23,DISCONTINUED
10011,SKU-IN-10011,PARLE Education Model 981,BOOKS,EDUCATION,PARLE,FLIPKART WHOLESALE,432.14,585.35,2020-04-06,ACTIVE
10012,SKU-IN-10012,BOAT Decor Model 357,HOME & KITCHEN,DECOR,BOAT,RELIANCE RETAIL,3547.66,8498.56,2022-12-19,ACTIVE
10013,SKU-IN-10013,MAMAEARTH Cricket Model 996,SPORTS,CRICKET,MAMAEARTH,TATA DIGITAL,3930.31,6963.65,2024-01-18,ACTIVE
10014,SKU-IN-10014,BAJAJ Footwear Model 880,APPAREL,FOOTWEAR,BAJAJ,METRO CASH & CARRY,44551.73,65880.77,2022-02-04,ACTIVE
10015,SKU-IN-10015,TATA Ayurveda Model 926,BEAUTY,AYURVEDA,TATA,TATA DIGITAL,746.82,1688.21,2024-08-30,ACTIVE
10016,SKU-IN-10016,BOAT Mobiles Model 645,ELECTRONICS,MOBILES,BOAT,METRO CASH & CARRY,598.93,1310.71,2024-04-06,ACTIVE
10017,SKU-IN-10017,BIBA Ages 9+ Model 652,TOYS,AGES 9+,BIBA,BIG BASKET SUPPLY,4599.25,8957.42,2021-03-09,ACTIVE
10018,SKU-IN-10018,PUMA Education Model 446,BOOKS,EDUCATION,PUMA,RELIANCE RETAIL,40507.0,62181.95,2020-05-11,ACTIVE
10019,SKU-IN-10019,BOAT Beverages Model 980,GROCERIES,BEVERAGES,BOAT,DMART WHOLESALE,53439.41,80868.95,2020-03-05,ACTIVE
10020,SKU-IN-10020,HP Atta & Dal Model 684,GROCERIES,ATTA & DAL,HP,AMAZON BUSINESS INDIA,454.43,946.06,2024-12-12,ACTIVE
10021,SKU-IN-10021,HALDIRAM Ages 4-8 Model 520,TOYS,AGES 4-8,HALDIRAM,AMAZON BUSINESS INDIA,122.7,214.2,2022-05-17,ACTIVE
10022,SKU-IN-10022,XIAOMI Mens Ethnic Model 296,APPAREL,MENS ETHNIC,XIAOMI,BIG BASKET SUPPLY,32429.79,72672.68,2021-05-24,DISCONTINUED
10023,SKU-IN-10023,BIBA Decor Model 553,HOME & KITCHEN,DECOR,BIBA,FLIPKART WHOLESALE,4130.92,9317.95,2020-06-03,ACTIVE
10024,SKU-IN-10024,PARLE Laptops Model 510,ELECTRONICS,LAPTOPS,PARLE,RELIANCE RETAIL,354.81,639.92,2024-11-05,ACTIVE
10025,SKU-IN-10025,XIAOMI Fiction Model 533,BOOKS,FICTION,XIAOMI,AMAZON BUSINESS INDIA,7470.93,16084.16,2021-08-07,ACTIVE
10026,SKU-IN-10026,HALDIRAM Atta & Dal Model 421,GROCERIES,ATTA & DAL,HALDIRAM,RELIANCE RETAIL,484.39,907.52,2024-03-11,ACTIVE
10027,SKU-IN-10027,DELL Ages 9+ Model 290,TOYS,AGES 9+,DELL,FLIPKART WHOLESALE,92.66,169.94,2024-10-09,ACTIVE
10028,SKU-IN-10028,MAMAEARTH Dairy Model 183,GROCERIES,DAIRY,MAMAEARTH,UDAAN DISTRIBUTORS,25727.51,49749.21,2023-06-22,ACTIVE
10029,SKU-IN-10029,GODREJ Outdoor Model 407,SPORTS,OUTDOOR,GODREJ,AMAZON BUSINESS INDIA,249.21,349.02,2023-08-14,ACTIVE
10030,SKU-IN-10030,PUMA Mens Ethnic Model 650,APPAREL,MENS ETHNIC,PUMA,BIG BASKET SUPPLY,79888.72,191374.3,2020-05-30,ACTIVE
10031,SKU-IN-10031,BOAT Cookware Model 656,HOME & KITCHEN,COOKWARE,BOAT,TATA DIGITAL,327.15,468.29,2024-09-03,ACTIVE
10032,SKU-IN-10032,FABINDIA Fitness Model 259,SPORTS,FITNESS,FABINDIA,TATA DIGITAL,1631.09,2239.64,2023-02-07,ACTIVE
10033,SKU-IN-10033,HALDIRAM Atta & Dal Model 357,GROCERIES,ATTA & DAL,HALDIRAM,RELIANCE RETAIL,53665.13,83373.15,2022-09-27,ACTIVE
10034,SKU-IN-10034,RELIANCE Education Model 265,BOOKS,EDUCATION,RELIANCE,AMAZON BUSINESS INDIA,300.17,420.37,2021-06-20,DISCONTINUED
10035,SKU-IN-10035,BOAT Laptops Model 478,ELECTRONICS,LAPTOPS,BOAT,METRO CASH & CARRY,73082.86,137207.87,2024-09-05,DISCONTINUED
10036,SKU-IN-10036,BAJAJ Furniture Model 140,HOME & KITCHEN,FURNITURE,BAJAJ,DMART WHOLESALE,7272.67,15749.26,2024-10-28,ACTIVE
10037,SKU-IN-10037,SAMSUNG Beverages Model 867,GROCERIES,BEVERAGES,SAMSUNG,METRO CASH & CARRY,71657.7,123060.2,2023-06-25,ACTIVE
10038,SKU-IN-10038,ADIDAS Appliances Model 521,HOME & KITCHEN,APPLIANCES,ADIDAS,BIG BASKET SUPPLY,184.52,426.82,2024-05-21,ACTIVE
10039,SKU-IN-10039,XIAOMI Furniture Model 571,HOME & KITCHEN,FURNITURE,XIAOMI,DMART WHOLESALE,693.94,1044.93,2024-07-30,ACTIVE
10040,SKU-IN-10040,TATA Snacks Model 171,GROCERIES,SNACKS,TATA,TATA DIGITAL,21905.34,35650.97,2024-11-05,ACTIVE
10041,SKU-IN-10041,TATA Education Model 371,BOOKS,EDUCATION,TATA,RELIANCE RETAIL,707.78,1097.34,2023-04-04,ACTIVE
10042,SKU-IN-10042,GODREJ Education Model 690,BOOKS,EDUCATION,GODREJ,BIG BASKET SUPPLY,5164.7,9493.42,2022-02-27,ACTIVE
10043,SKU-IN-10043,TATA Audio Model 859,ELECTRONICS,AUDIO,TATA,BIG BASKET SUPPLY,74641.41,139521.2,2024-01-13,ACTIVE
10044,SKU-IN-10044,GODREJ Fiction Model 407,BOOKS,FICTION,GODREJ,TATA DIGITAL,30601.93,68095.95,2024-01-14,DISCONTINUED
10045,SKU-IN-10045,BAJAJ Ayurveda Model 793,BEAUTY,AYURVEDA,BAJAJ,METRO CASH & CARRY,17164.72,29755.27,2022-02-15,ACTIVE
10046,SKU-IN-10046,BAJAJ Fiction Model 770,BOOKS,FICTION,BAJAJ,DMART WHOLESALE,2313.32,4982.02,2023-05-27,DISCONTINUED
10047,SKU-IN-10047,HALDIRAM Ages 4-8 Model 853,TOYS,AGES 4-8,HALDIRAM,METRO CASH & CARRY,42069.41,96185.73,2024-06-18,ACTIVE
10048,SKU-IN-10048,BOAT Cricket Model 250,SPORTS,CRICKET,BOAT,RELIANCE RETAIL,554.6,836.52,2021-02-11,ACTIVE
10049,SKU-IN-10049,BOAT Dairy Model 835,GROCERIES,DAIRY,BOAT,UDAAN DISTRIBUTORS,3783.98,7470.45,2021-02-02,DISCONTINUED
10050,SKU-IN-10050,FABINDIA Non-Fiction Model 888,BOOKS,NON-FICTION,FABINDIA,FLIPKART WHOLESALE,57508.81,130922.19,2024-10-28,DISCONTINUED
10051,SKU-IN-10051,DELL Snacks Model 224,GROCERIES,SNACKS,DELL,AMAZON BUSINESS INDIA,1161.57,1784.84,2024-10-03,ACTIVE
10052,SKU-IN-10052,DELL Ages 9+ Model 553,TOYS,AGES 9+,DELL,UDAAN DISTRIBUTORS,50872.57,119171.31,2024-12-30,DISCONTINUED
10053,SKU-IN-10053,PUMA Decor Model 884,HOME & KITCHEN,DECOR,PUMA,AMAZON BUSINESS INDIA,6212.79,13766.56,2021-07-21,ACTIVE
10054,SKU-IN-10054,BOAT Badminton Model 653,SPORTS,BADMINTON,BOAT,FLIPKART WHOLESALE,28572.43,44643.63,2021-10-16,ACTIVE
10055,SKU-IN-10055,XIAOMI Appliances Model 517,HOME & KITCHEN,APPLIANCES,XIAOMI,DMART WHOLESALE,19001.98,28427.83,2022-04-29,DISCONTINUED
10056,SKU-IN-10056,HALDIRAM Fiction Model 120,BOOKS,FICTION,HALDIRAM,UDAAN DISTRIBUTORS,3604.23,7695.99,2023-11-25,DISCONTINUED
10057,SKU-IN-10057,BAJAJ Accessories Model 651,ELECTRONICS,ACCESSORIES,BAJAJ,BIG BASKET SUPPLY,6944.83,16295.66,2022-05-08,DISCONTINUED
10058,SKU-IN-10058,ADIDAS Atta & Dal Model 917,GROCERIES,ATTA & DAL,ADIDAS,UDAAN DISTRIBUTORS,1008.98,1651.25,2023-10-22,ACTIVE
10059,SKU-IN-10059,TATA Ages 0-3 Model 758,TOYS,AGES 0-3,TATA,UDAAN DISTRIBUTORS,5061.63,10186.28,2020-06-20,ACTIVE
10060,SKU-IN-10060,RELIANCE Ages 0-3 Model 445,TOYS,AGES 0-3,RELIANCE,UDAAN DISTRIBUTORS,3529.55,5271.06,2021-10-31,ACTIVE
10061,SKU-IN-10061,BOAT Education Model 329,BOOKS,EDUCATION,BOAT,FLIPKART WHOLESALE,939.56,1757.29,2021-12-17,ACTIVE
10062,SKU-IN-10062,HALDIRAM Mobiles Model 785,ELECTRONICS,MOBILES,HALDIRAM,FLIPKART WHOLESALE,516.0,786.55,2022-08-27,ACTIVE
10063,SKU-IN-10063,ASIAN PAINTS Ages 9+ Model 835,TOYS,AGES 9+,ASIAN PAINTS,FLIPKART WHOLESALE,2008.08,3912.41,2024-03-11,ACTIVE
10064,SKU-IN-10064,TATA Fitness Model 506,SPORTS,FITNESS,TATA,BIG BASKET SUPPLY,4945.74,11346.67,2022-02-07,ACTIVE
10065,SKU-IN-10065,BAJAJ Beverages Model 901,GROCERIES,BEVERAGES,BAJAJ,RELIANCE RETAIL,51229.64,71168.9,2023-03-05,ACTIVE
10066,SKU-IN-10066,BOAT Education Model 942,BOOKS,EDUCATION,BOAT,AMAZON BUSINESS INDIA,54623.11,69073.65,2022-05-10,ACTIVE
10067,SKU-IN-10067,PUMA Education Model 766,BOOKS,EDUCATION,PUMA,TATA DIGITAL,19015.36,27620.9,2022-12-04,DISCONTINUED
10068,SKU-IN-10068,ASIAN PAINTS Ages 4-8 Model 385,TOYS,AGES 4-8,ASIAN PAINTS,AMAZON BUSINESS INDIA,6932.33,15288.15,2020-06-26,ACTIVE
10069,SKU-IN-10069,XIAOMI Ages 9+ Model 599,TOYS,AGES 9+,XIAOMI,BIG BASKET SUPPLY,1006.64,2243.39,2021-01-07,ACTIVE
10070,SKU-IN-10070,ASIAN PAINTS Cricket Model 629,SPORTS,CRICKET,ASIAN PAINTS,BIG BASKET SUPPLY,58485.23,91687.81,2020-01-21,ACTIVE
10071,SKU-IN-10071,HP Dairy Model 828,GROCERIES,DAIRY,HP,AMAZON BUSINESS INDIA,62587.86,127942.15,2023-08-15,DISCONTINUED
10072,SKU-IN-10072,BAJAJ Laptops Model 695,ELECTRONICS,LAPTOPS,BAJAJ,DMART WHOLESALE,353.3,540.48,2023-09-21,DISCONTINUED
10073,SKU-IN-10073,GODREJ Ayurveda Model 336,BEAUTY,AYURVEDA,GODREJ,FLIPKART WHOLESALE,5860.56,9151.58,2021-05-29,ACTIVE
10074,SKU-IN-10074,BIBA Skincare Model 703,BEAUTY,SKINCARE,BIBA,TATA DIGITAL,212.29,383.57,2024-01-23,ACTIVE
10075,SKU-IN-10075,PARLE Atta & Dal Model 229,GROCERIES,ATTA & DAL,PARLE,TATA DIGITAL,2091.98,2649.01,2022-12-29,ACTIVE
10076,SKU-IN-10076,BAJAJ Wearables Model 602,ELECTRONICS,WEARABLES,BAJAJ,FLIPKART WHOLESALE,75974.45,150699.13,2024-03-21,ACTIVE
10077,SKU-IN-10077,HP Badminton Model 982,SPORTS,BADMINTON,HP,AMAZON BUSINESS INDIA,3253.08,7678.32,2021-06-01,ACTIVE
10078,SKU-IN-10078,HP Womens Western Model 252,APPAREL,WOMENS WESTERN,HP,TATA DIGITAL,482.77,984.57,2020-11-06,ACTIVE
10079,SKU-IN-10079,ADIDAS Beverages Model 635,GROCERIES,BEVERAGES,ADIDAS,UDAAN DISTRIBUTORS,50921.13,99865.56,2024-05-07,DISCONTINUED
10080,SKU-IN-10080,ADIDAS Ages 4-8 Model 201,TOYS,AGES 4-8,ADIDAS,BIG BASKET SUPPLY,4894.13,6456.65,2024-02-24,ACTIVE
10081,SKU-IN-10081,BIBA Fitness Model 518,SPORTS,FITNESS,BIBA,AMAZON BUSINESS INDIA,180.36,241.02,2020-01-06,DISCONTINUED
10082,SKU-IN-10082,PARLE Fitness Model 172,SPORTS,FITNESS,PARLE,BIG BASKET SUPPLY,5890.08,12124.35,2022-07-18,ACTIVE
10083,SKU-IN-10083,MAMAEARTH Dairy Model 946,GROCERIES,DAIRY,MAMAEARTH,METRO CASH & CARRY,24186.28,34376.87,2021-06-28,ACTIVE
10084,SKU-IN-10084,BAJAJ Mobiles Model 549,ELECTRONICS,MOBILES,BAJAJ,FLIPKART WHOLESALE,61924.96,117941.54,2021-08-14,DISCONTINUED
10085,SKU-IN-10085,ASIAN PAINTS Badminton Model 140,SPORTS,BADMINTON,ASIAN PAINTS,UDAAN DISTRIBUTORS,46878.67,82198.12,2023-05-09,ACTIVE
10086,SKU-IN-10086,BOAT Fitness Model 701,SPORTS,FITNESS,BOAT,RELIANCE RETAIL,771.43,1705.9,2023-03-24,ACTIVE
10087,SKU-IN-10087,HP Mobiles Model 699,ELECTRONICS,MOBILES,HP,UDAAN DISTRIBUTORS,54908.68,126481.25,2021-01-06,DISCONTINUED
10088,SKU-IN-10088,SAMSUNG Womens Western Model 264,APPAREL,WOMENS WESTERN,SAMSUNG,DMART WHOLESALE,3199.82,6465.73,2024-10-22,DISCONTINUED
10089,SKU-IN-10089,XIAOMI Ages 4-8 Model 431,TOYS,AGES 4-8,XIAOMI,FLIPKART WHOLESALE,10642.19,14380.46,2021-05-31,DISCONTINUED
10090,SKU-IN-10090,PUMA Wearables Model 874,ELECTRONICS,WEARABLES,PUMA,AMAZON BUSINESS INDIA,1190.27,2197.48,2023-06-29,DISCONTINUED
10091,SKU-IN-10091,ASIAN PAINTS Mobiles Model 815,ELECTRONICS,MOBILES,ASIAN PAINTS,AMAZON BUSINESS INDIA,17432.95,27565.56,2024-12-08,ACTIVE
10092,SKU-IN-10092,PARLE Wearables Model 517,ELECTRONICS,WEARABLES,PARLE,FLIPKART WHOLESALE,19403.23,36545.3,2023-02-05,ACTIVE
10093,SKU-IN-10093,MAMAEARTH Womens Western Model 398,APPAREL,WOMENS WESTERN,MAMAEARTH,TATA DIGITAL,67914.31,123816.74,2024-01-07,DISCONTINUED
10094,SKU-IN-10094,PARLE Ages 4-8 Model 620,TOYS,AGES 4-8,PARLE,METRO CASH & CARRY,4769.11,8065.16,2023-05-12,ACTIVE
10095,SKU-IN-10095,GODREJ Badminton Model 405,SPORTS,BADMINTON,GODREJ,AMAZON BUSINESS INDIA,27236.43,34125.89,2024-01-26,ACTIVE
10096,SKU-IN-10096,HP Ages 9+ Model 566,TOYS,AGES 9+,HP,DMART WHOLESALE,3193.57,6793.69,2022-02-11,ACTIVE
10097,SKU-IN-10097,XIAOMI Masala Model 862,GROCERIES,MASALA,XIAOMI,AMAZON BUSINESS INDIA,692.01,1191.91,2021-10-13,DISCONTINUED
10098,SKU-IN-10098,HP Non-Fiction Model 990,BOOKS,NON-FICTION,HP,FLIPKART WHOLESALE,144.68,341.47,2021-11-10,DISCONTINUED
10099,SKU-IN-10099,PUMA Kids Model 258,APPAREL,KIDS,PUMA,FLIPKART WHOLESALE,591.83,1018.82,2023-09-02,DISCONTINUED
10100,SKU-IN-10100,XIAOMI Cricket Model 979,SPORTS,CRICKET,XIAOMI,UDAAN DISTRIBUTORS,13782.7,22436.17,2023-10-13,ACTIVE
10101,SKU-IN-10101,RELIANCE Ages 9+ Model 332,TOYS,AGES 9+,RELIANCE,FLIPKART WHOLESALE,12926.29,25540.22,2021-08-11,DISCONTINUED
10102,SKU-IN-10102,MAMAEARTH Footwear Model 147,APPAREL,FOOTWEAR,MAMAEARTH,DMART WHOLESALE,1997.83,3185.31,2020-02-29,ACTIVE
10103,SKU-IN-10103,SAMSUNG Cricket Model 798,SPORTS,CRICKET,SAMSUNG,METRO CASH & CARRY,1848.1,3439.02,2023-03-05,ACTIVE
10104,SKU-IN-10104,XIAOMI Furniture Model 246,HOME & KITCHEN,FURNITURE,XIAOMI,BIG BASKET SUPPLY,57185.69,104210.47,2023-04-09,DISCONTINUED
10105,SKU-IN-10105,ASIAN PAINTS Badminton Model 793,SPORTS,BADMINTON,ASIAN PAINTS,METRO CASH & CARRY,8676.62,18874.49,2021-08-12,ACTIVE
10106,SKU-IN-10106,BAJAJ Ages 4-8 Model 965,TOYS,AGES 4-8,BAJAJ,TATA DIGITAL,77266.09,157921.11,2022-07-24,ACTIVE
10107,SKU-IN-10107,MAMAEARTH Regional Model 816,BOOKS,REGIONAL,MAMAEARTH,TATA DIGITAL,336.02,558.74,2021-08-28,ACTIVE
10108,SKU-IN-10108,TATA Education Model 720,BOOKS,EDUCATION,TATA,AMAZON BUSINESS INDIA,70284.85,150765.1,2020-04-10,ACTIVE
10109,SKU-IN-10109,SAMSUNG Masala Model 873,GROCERIES,MASALA,SAMSUNG,METRO CASH & CARRY,527.46,1035.94,2023-10-20,ACTIVE
10110,SKU-IN-10110,PUMA Accessories Model 402,ELECTRONICS,ACCESSORIES,PUMA,DMART WHOLESALE,484.68,1014.05,2020-07-03,DISCONTINUED
10111,SKU-IN-10111,FABINDIA Appliances Model 379,HOME & KITCHEN,APPLIANCES,FABINDIA,METRO CASH & CARRY,71105.16,118797.96,2022-10-24,ACTIVE
10112,SKU-IN-10112,GODREJ Ages 4-8 Model 331,TOYS,AGES 4-8,GODREJ,UDAAN DISTRIBUTORS,401.25,536.31,2024-03-24,ACTIVE
10113,SKU-IN-10113,TATA Womens Western Model 866,APPAREL,WOMENS WESTERN,TATA,TATA DIGITAL,4663.32,8268.08,2023-10-09,DISCONTINUED
10114,SKU-IN-10114,PARLE Skincare Model 435,BEAUTY,SKINCARE,PARLE,BIG BASKET SUPPLY,980.18,2221.94,2023-02-23,ACTIVE
10115,SKU-IN-10115,BAJAJ Ages 9+ Model 411,TOYS,AGES 9+,BAJAJ,AMAZON BUSINESS INDIA,37397.3,52758.0,2020-03-17,ACTIVE
10116,SKU-IN-10116,FABINDIA Womens Ethnic Model 813,APPAREL,WOMENS ETHNIC,FABINDIA,UDAAN DISTRIBUTORS,4066.24,8218.11,2024-03-01,ACTIVE
10117,SKU-IN-10117,HP Fiction Model 806,BOOKS,FICTION,HP,DMART WHOLESALE,37384.34,87638.23,2020-03-08,ACTIVE
10118,SKU-IN-10118,PARLE Ages 4-8 Model 760,TOYS,AGES 4-8,PARLE,DMART WHOLESALE,1515.35,3089.09,2023-01-20,ACTIVE
10119,SKU-IN-10119,HALDIRAM Education Model 778,BOOKS,EDUCATION,HALDIRAM,BIG BASKET SUPPLY,761.76,1674.21,2020-07-06,ACTIVE
10120,SKU-IN-10120,PARLE Accessories Model 883,ELECTRONICS,ACCESSORIES,PARLE,BIG BASKET SUPPLY,640.23,951.37,2024-08-26,ACTIVE
10121,SKU-IN-10121,FABINDIA Atta & Dal Model 233,GROCERIES,ATTA & DAL,FABINDIA,TATA DIGITAL,8204.16,18354.08,2020-10-23,ACTIVE
10122,SKU-IN-10122,TATA Footwear Model 702,APPAREL,FOOTWEAR,TATA,DMART WHOLESALE,61.15,131.99,2021-05-02,ACTIVE
10123,SKU-IN-10123,RELIANCE Cookware Model 165,HOME & KITCHEN,COOKWARE,RELIANCE,AMAZON BUSINESS INDIA,606.29,1124.67,2024-03-07,DISCONTINUED
10124,SKU-IN-10124,PUMA Skincare Model 902,BEAUTY,SKINCARE,PUMA,TATA DIGITAL,23951.58,46882.17,2024-01-29,DISCONTINUED
10125,SKU-IN-10125,HP Laptops Model 554,ELECTRONICS,LAPTOPS,HP,FLIPKART WHOLESALE,3869.17,5316.84,2023-12-29,ACTIVE
10126,SKU-IN-10126,BOAT Makeup Model 829,BEAUTY,MAKEUP,BOAT,DMART WHOLESALE,256.26,506.89,2023-01-28,DISCONTINUED
10127,SKU-IN-10127,DELL Badminton Model 973,SPORTS,BADMINTON,DELL,BIG BASKET SUPPLY,38974.35,84264.9,2020-08-22,DISCONTINUED
10128,SKU-IN-10128,ADIDAS Ages 0-3 Model 197,TOYS,AGES 0-3,ADIDAS,DMART WHOLESALE,6757.42,11545.32,2024-02-03,DISCONTINUED
10129,SKU-IN-10129,SAMSUNG Fragrance Model 951,BEAUTY,FRAGRANCE,SAMSUNG,FLIPKART WHOLESALE,565.12,1014.62,2020-07-05,ACTIVE
10130,SKU-IN-10130,SAMSUNG Fiction Model 675,BOOKS,FICTION,SAMSUNG,DMART WHOLESALE,467.28,899.25,2023-02-24,ACTIVE
10131,SKU-IN-10131,ADIDAS Education Model 460,BOOKS,EDUCATION,ADIDAS,FLIPKART WHOLESALE,11704.12,18501.57,2021-10-01,ACTIVE
10132,SKU-IN-10132,PARLE Decor Model 880,HOME & KITCHEN,DECOR,PARLE,TATA DIGITAL,312.59,590.7,2020-08-23,ACTIVE
10133,SKU-IN-10133,ASIAN PAINTS Fiction Model 447,BOOKS,FICTION,ASIAN PAINTS,DMART WHOLESALE,185.31,381.39,2021-09-24,ACTIVE
10134,SKU-IN-10134,XIAOMI Appliances Model 193,HOME & KITCHEN,APPLIANCES,XIAOMI,BIG BASKET SUPPLY,156.41,309.4,2020-03-03,DISCONTINUED
10135,SKU-IN-10135,GODREJ Regional Model 681,BOOKS,REGIONAL,GODREJ,FLIPKART WHOLESALE,327.54,681.23,2024-05-09,ACTIVE
10136,SKU-IN-10136,RELIANCE Appliances Model 597,HOME & KITCHEN,APPLIANCES,RELIANCE,AMAZON BUSINESS INDIA,13873.87,24412.18,2022-05-18,DISCONTINUED
10137,SKU-IN-10137,DELL Outdoor Model 794,SPORTS,OUTDOOR,DELL,AMAZON BUSINESS INDIA,308.88,425.49,2023-10-20,ACTIVE
10138,SKU-IN-10138,XIAOMI Mobiles Model 885,ELECTRONICS,MOBILES,XIAOMI,METRO CASH & CARRY,11944.3,17738.32,2021-03-08,ACTIVE
10139,SKU-IN-10139,MAMAEARTH Cricket Model 489,SPORTS,CRICKET,MAMAEARTH,BIG BASKET SUPPLY,423.04,738.31,2020-09-21,ACTIVE
10140,SKU-IN-10140,RELIANCE Womens Western Model 420,APPAREL,WOMENS WESTERN,RELIANCE,UDAAN DISTRIBUTORS,934.94,2159.09,2024-10-31,DISCONTINUED
10141,SKU-IN-10141,MAMAEARTH Education Model 732,BOOKS,EDUCATION,MAMAEARTH,AMAZON BUSINESS INDIA,950.17,1542.59,2024-06-29,ACTIVE
10142,SKU-IN-10142,MAMAEARTH Womens Western Model 505,APPAREL,WOMENS WESTERN,MAMAEARTH,TATA DIGITAL,376.76,644.45,2020-06-10,ACTIVE
10143,SKU-IN-10143,BIBA Atta & Dal Model 298,GROCERIES,ATTA & DAL,BIBA,DMART WHOLESALE,432.86,597.84,2022-11-10,ACTIVE
10144,SKU-IN-10144,MAMAEARTH Appliances Model 878,HOME & KITCHEN,APPLIANCES,MAMAEARTH,FLIPKART WHOLESALE,241.98,350.76,2020-11-09,ACTIVE
10145,SKU-IN-10145,PUMA Ages 4-8 Model 739,TOYS,AGES 4-8,PUMA,DMART WHOLESALE,74539.11,141562.11,2023-07-25,ACTIVE
10146,SKU-IN-10146,BOAT Decor Model 705,HOME & KITCHEN,DECOR,BOAT,RELIANCE RETAIL,3983.9,6367.24,2021-07-16,ACTIVE
10147,SKU-IN-10147,PUMA Mens Western Model 178,APPAREL,MENS WESTERN,PUMA,FLIPKART WHOLESALE,1070.77,1792.52,2021-08-10,DISCONTINUED
10148,SKU-IN-10148,RELIANCE Ages 9+ Model 429,TOYS,AGES 9+,RELIANCE,AMAZON BUSINESS INDIA,7345.16,14010.2,2021-01-20,ACTIVE
10149,SKU-IN-10149,MAMAEARTH Audio Model 276,ELECTRONICS,AUDIO,MAMAEARTH,RELIANCE RETAIL,7873.18,10605.0,2023-08-16,ACTIVE
10150,SKU-IN-10150,DELL Ages 4-8 Model 496,TOYS,AGES 4-8,DELL,UDAAN DISTRIBUTORS,51905.99,86604.24,2021-08-02,ACTIVE
10151,SKU-IN-10151,BOAT Accessories Model 358,ELECTRONICS,ACCESSORIES,BOAT,METRO CASH & CARRY,1480.44,3005.49,2021-08-04,ACTIVE
10152,SKU-IN-10152,FABINDIA Kids Model 501,APPAREL,KIDS,FABINDIA,METRO CASH & CARRY,3033.67,6080.88,2023-09-18,ACTIVE
10153,SKU-IN-10153,GODREJ Badminton Model 801,SPORTS,BADMINTON,GODREJ,FLIPKART WHOLESALE,552.59,1217.52,2024-02-22,DISCONTINUED
10154,SKU-IN-10154,SAMSUNG Skincare Model 597,BEAUTY,SKINCARE,SAMSUNG,BIG BASKET SUPPLY,2097.89,3139.12,2024-04-18,ACTIVE
10155,SKU-IN-10155,BOAT Appliances Model 652,HOME & KITCHEN,APPLIANCES,BOAT,RELIANCE RETAIL,6879.88,9400.06,2024-04-27,ACTIVE
10156,SKU-IN-10156,FABINDIA Decor Model 928,HOME & KITCHEN,DECOR,FABINDIA,METRO CASH & CARRY,185.63,379.94,2023-07-03,DISCONTINUED
10157,SKU-IN-10157,SAMSUNG Audio Model 391,ELECTRONICS,AUDIO,SAMSUNG,AMAZON BUSINESS INDIA,59810.17,141452.66,2023-06-04,ACTIVE
10158,SKU-IN-10158,HP Atta & Dal Model 572,GROCERIES,ATTA & DAL,HP,TATA DIGITAL,325.88,762.3,2022-06-21,DISCONTINUED
10159,SKU-IN-10159,HALDIRAM Non-Fiction Model 592,BOOKS,NON-FICTION,HALDIRAM,DMART WHOLESALE,17964.69,27620.78,2023-08-06,ACTIVE
10160,SKU-IN-10160,BOAT Mens Western Model 950,APPAREL,MENS WESTERN,BOAT,UDAAN DISTRIBUTORS,254.59,583.29,2020-10-28,ACTIVE
10161,SKU-IN-10161,SAMSUNG Dairy Model 341,GROCERIES,DAIRY,SAMSUNG,UDAAN DISTRIBUTORS,361.17,616.13,2022-02-04,ACTIVE
10162,SKU-IN-10162,TATA Makeup Model 443,BEAUTY,MAKEUP,TATA,METRO CASH & CARRY,7501.95,16617.21,2023-08-24,ACTIVE
10163,SKU-IN-10163,HP Accessories Model 559,ELECTRONICS,ACCESSORIES,HP,RELIANCE RETAIL,67839.95,144001.65,2022-08-18,ACTIVE
10164,SKU-IN-10164,HALDIRAM Accessories Model 533,ELECTRONICS,ACCESSORIES,HALDIRAM,FLIPKART WHOLESALE,461.6,963.05,2022-12-16,ACTIVE
10165,SKU-IN-10165,MAMAEARTH Atta & Dal Model 568,GROCERIES,ATTA & DAL,MAMAEARTH,FLIPKART WHOLESALE,228.83,454.18,2023-06-29,ACTIVE
10166,SKU-IN-10166,TATA Ages 9+ Model 398,TOYS,AGES 9+,TATA,UDAAN DISTRIBUTORS,45107.05,68933.9,2020-10-21,ACTIVE
10167,SKU-IN-10167,ADIDAS Makeup Model 169,BEAUTY,MAKEUP,ADIDAS,RELIANCE RETAIL,548.28,739.33,2022-01-08,DISCONTINUED
10168,SKU-IN-10168,XIAOMI Ages 0-3 Model 169,TOYS,AGES 0-3,XIAOMI,DMART WHOLESALE,2626.28,3331.91,2024-06-02,ACTIVE
10169,SKU-IN-10169,GODREJ Kids Model 758,APPAREL,KIDS,GODREJ,METRO CASH & CARRY,83.25,156.34,2024-07-24,DISCONTINUED
10170,SKU-IN-10170,BIBA Ages 9+ Model 137,TOYS,AGES 9+,BIBA,TATA DIGITAL,97.33,208.54,2022-07-26,ACTIVE
10171,SKU-IN-10171,RELIANCE Mobiles Model 656,ELECTRONICS,MOBILES,RELIANCE,AMAZON BUSINESS INDIA,7520.27,13857.53,2024-07-27,ACTIVE
10172,SKU-IN-10172,BAJAJ Mobiles Model 439,ELECTRONICS,MOBILES,BAJAJ,TATA DIGITAL,7007.4,9144.48,2023-09-04,ACTIVE
10173,SKU-IN-10173,XIAOMI Ayurveda Model 291,BEAUTY,AYURVEDA,XIAOMI,AMAZON BUSINESS INDIA,39661.04,93201.48,2021-11-25,DISCONTINUED
10174,SKU-IN-10174,BOAT Fragrance Model 284,BEAUTY,FRAGRANCE,BOAT,TATA DIGITAL,38563.98,67301.79,2024-08-11,ACTIVE
10175,SKU-IN-10175,GODREJ Mens Ethnic Model 536,APPAREL,MENS ETHNIC,GODREJ,METRO CASH & CARRY,29286.08,51625.59,2024-01-09,DISCONTINUED
10176,SKU-IN-10176,RELIANCE Ayurveda Model 381,BEAUTY,AYURVEDA,RELIANCE,RELIANCE RETAIL,70642.68,116944.94,2022-06-09,ACTIVE
10177,SKU-IN-10177,DELL Education Model 969,BOOKS,EDUCATION,DELL,AMAZON BUSINESS INDIA,56917.56,133511.96,2020-10-19,ACTIVE
10178,SKU-IN-10178,PARLE Furniture Model 133,HOME & KITCHEN,FURNITURE,PARLE,METRO CASH & CARRY,34375.65,58104.56,2023-03-07,DISCONTINUED
10179,SKU-IN-10179,PUMA Fragrance Model 421,BEAUTY,FRAGRANCE,PUMA,TATA DIGITAL,480.44,893.08,2022-03-26,ACTIVE
10180,SKU-IN-10180,BIBA Mens Ethnic Model 368,APPAREL,MENS ETHNIC,BIBA,TATA DIGITAL,4527.77,10416.47,2020-08-29,DISCONTINUED
10181,SKU-IN-10181,BAJAJ Masala Model 238,GROCERIES,MASALA,BAJAJ,FLIPKART WHOLESALE,73986.48,134276.6,2020-09-08,DISCONTINUED
10182,SKU-IN-10182,BOAT Decor Model 455,HOME & KITCHEN,DECOR,BOAT,FLIPKART WHOLESALE,77664.41,185195.51,2023-09-29,ACTIVE
10183,SKU-IN-10183,BIBA Outdoor Model 911,SPORTS,OUTDOOR,BIBA,METRO CASH & CARRY,4463.04,6201.69,2021-02-15,ACTIVE
10184,SKU-IN-10184,SAMSUNG Ages 0-3 Model 232,TOYS,AGES 0-3,SAMSUNG,FLIPKART WHOLESALE,49203.97,87952.92,2023-02-03,ACTIVE
10185,SKU-IN-10185,HP Badminton Model 175,SPORTS,BADMINTON,HP,METRO CASH & CARRY,37577.25,64664.76,2023-03-23,ACTIVE
10186,SKU-IN-10186,PUMA Womens Western Model 898,APPAREL,WOMENS WESTERN,PUMA,METRO CASH & CARRY,45249.92,63240.6,2024-08-24,ACTIVE
10187,SKU-IN-10187,MAMAEARTH Fiction Model 826,BOOKS,FICTION,MAMAEARTH,BIG BASKET SUPPLY,19017.11,27372.38,2021-10-22,ACTIVE
10188,SKU-IN-10188,ASIAN PAINTS Fitness Model 740,SPORTS,FITNESS,ASIAN PAINTS,TATA DIGITAL,526.29,991.25,2020-09-13,ACTIVE
10189,SKU-IN-10189,BIBA Appliances Model 962,HOME & KITCHEN,APPLIANCES,BIBA,RELIANCE RETAIL,52962.5,121141.18,2021-11-22,ACTIVE
10190,SKU-IN-10190,ASIAN PAINTS Mens Ethnic Model 754,APPAREL,MENS ETHNIC,ASIAN PAINTS,RELIANCE RETAIL,23178.2,44223.03,2023-06-19,DISCONTINUED
10191,SKU-IN-10191,HP Cricket Model 564,SPORTS,CRICKET,HP,FLIPKART WHOLESALE,653.52,1331.7,2021-09-01,ACTIVE
10192,SKU-IN-10192,ADIDAS Decor Model 420,HOME & KITCHEN,DECOR,ADIDAS,DMART WHOLESALE,4143.98,6801.19,2020-10-21,ACTIVE
10193,SKU-IN-10193,SAMSUNG Non-Fiction Model 225,BOOKS,NON-FICTION,SAMSUNG,TATA DIGITAL,48438.89,78324.87,2022-08-13,DISCONTINUED
10194,SKU-IN-10194,MAMAEARTH Snacks Model 528,GROCERIES,SNACKS,MAMAEARTH,BIG BASKET SUPPLY,267.66,452.82,2023-06-14,ACTIVE
10195,SKU-IN-10195,HALDIRAM Fragrance Model 415,BEAUTY,FRAGRANCE,HALDIRAM,AMAZON BUSINESS INDIA,423.7,780.43,2022-10-18,ACTIVE
10196,SKU-IN-10196,DELL Womens Western Model 149,APPAREL,WOMENS WESTERN,DELL,RELIANCE RETAIL,7760.14,11620.16,2021-12-23,ACTIVE
10197,SKU-IN-10197,HP Ages 9+ Model 237,TOYS,AGES 9+,HP,TATA DIGITAL,4664.17,10374.27,2022-06-01,ACTIVE
10198,SKU-IN-10198,RELIANCE Education Model 666,BOOKS,EDUCATION,RELIANCE,TATA DIGITAL,1168.34,2215.28,2022-01-12,ACTIVE
10199,SKU-IN-10199,ASIAN PAINTS Regional Model 503,BOOKS,REGIONAL,ASIAN PAINTS,DMART WHOLESALE,56988.7,79022.39,2020-07-17,ACTIVE
10200,SKU-IN-10200,HALDIRAM Makeup Model 139,BEAUTY,MAKEUP,HALDIRAM,METRO CASH & CARRY,44656.82,81502.7,2020-04-02,ACTIVE
10201,SKU-IN-10201,PUMA Ages 9+ Model 727,TOYS,AGES 9+,PUMA,DMART WHOLESALE,504.7,930.08,2021-11-02,ACTIVE
10202,SKU-IN-10202,GODREJ Education Model 676,BOOKS,EDUCATION,GODREJ,TATA DIGITAL,67636.84,125952.7,2023-12-22,DISCONTINUED
10203,SKU-IN-10203,GODREJ Accessories Model 915,ELECTRONICS,ACCESSORIES,GODREJ,RELIANCE RETAIL,15891.53,27476.79,2021-09-22,DISCONTINUED
10204,SKU-IN-10204,RELIANCE Outdoor Model 734,SPORTS,OUTDOOR,RELIANCE,UDAAN DISTRIBUTORS,42592.31,78917.89,2024-01-16,ACTIVE
10205,SKU-IN-10205,MAMAEARTH Beverages Model 522,GROCERIES,BEVERAGES,MAMAEARTH,BIG BASKET SUPPLY,64.2,103.41,2020-11-06,DISCONTINUED
10206,SKU-IN-10206,RELIANCE Ages 9+ Model 778,TOYS,AGES 9+,RELIANCE,AMAZON BUSINESS INDIA,17941.94,26705.55,2021-10-27,DISCONTINUED
10207,SKU-IN-10207,PUMA Makeup Model 988,BEAUTY,MAKEUP,PUMA,TATA DIGITAL,32647.55,54111.03,2024-04-30,DISCONTINUED
10208,SKU-IN-10208,ASIAN PAINTS Snacks Model 889,GROCERIES,SNACKS,ASIAN PAINTS,TATA DIGITAL,29491.94,68796.1,2021-09-01,ACTIVE
10209,SKU-IN-10209,HP Ages 4-8 Model 380,TOYS,AGES 4-8,HP,TATA DIGITAL,4835.51,11240.91,2024-01-17,ACTIVE
10210,SKU-IN-10210,SAMSUNG Regional Model 180,BOOKS,REGIONAL,SAMSUNG,DMART WHOLESALE,267.84,423.39,2024-01-02,DISCONTINUED
10211,SKU-IN-10211,HALDIRAM Badminton Model 812,SPORTS,BADMINTON,HALDIRAM,TATA DIGITAL,670.96,1047.91,2023-02-25,ACTIVE
10212,SKU-IN-10212,PARLE Kids Model 753,APPAREL,KIDS,PARLE,BIG BASKET SUPPLY,88.07,201.77,2021-04-07,ACTIVE
10213,SKU-IN-10213,GODREJ Womens Western Model 105,APPAREL,WOMENS WESTERN,GODREJ,METRO CASH & CARRY,42013.08,85428.17,2020-10-08,DISCONTINUED
10214,SKU-IN-10214,HALDIRAM Ages 4-8 Model 191,TOYS,AGES 4-8,HALDIRAM,BIG BASKET SUPPLY,3112.41,6202.36,2024-04-23,ACTIVE
10215,SKU-IN-10215,BIBA Decor Model 290,HOME & KITCHEN,DECOR,BIBA,TATA DIGITAL,797.88,1361.62,2022-10-11,ACTIVE
10216,SKU-IN-10216,MAMAEARTH Accessories Model 636,ELECTRONICS,ACCESSORIES,MAMAEARTH,AMAZON BUSINESS INDIA,2848.84,6801.5,2023-01-17,ACTIVE
10217,SKU-IN-10217,HALDIRAM Ages 4-8 Model 363,TOYS,AGES 4-8,HALDIRAM,METRO CASH & CARRY,298.01,623.08,2023-08-20,ACTIVE
10218,SKU-IN-10218,HALDIRAM Fragrance Model 946,BEAUTY,FRAGRANCE,HALDIRAM,UDAAN DISTRIBUTORS,508.22,1008.58,2022-04-10,ACTIVE
10219,SKU-IN-10219,MAMAEARTH Womens Western Model 106,APPAREL,WOMENS WESTERN,MAMAEARTH,TATA DIGITAL,786.26,1414.54,2021-05-23,DISCONTINUED
10220,SKU-IN-10220,ASIAN PAINTS Dairy Model 367,GROCERIES,DAIRY,ASIAN PAINTS,DMART WHOLESALE,2974.01,6189.85,2020-01-24,ACTIVE
10221,SKU-IN-10221,PUMA Laptops Model 820,ELECTRONICS,LAPTOPS,PUMA,TATA DIGITAL,1949.96,3975.94,2024-12-23,ACTIVE
10222,SKU-IN-10222,PARLE Cricket Model 865,SPORTS,CRICKET,PARLE,DMART WHOLESALE,768.02,1382.37,2022-07-20,DISCONTINUED
10223,SKU-IN-10223,HALDIRAM Ages 9+ Model 183,TOYS,AGES 9+,HALDIRAM,AMAZON BUSINESS INDIA,560.26,1084.21,2024-05-31,ACTIVE
10224,SKU-IN-10224,MAMAEARTH Kids Model 686,APPAREL,KIDS,MAMAEARTH,METRO CASH & CARRY,671.58,1536.79,2021-02-18,ACTIVE
10225,SKU-IN-10225,MAMAEARTH Ayurveda Model 622,BEAUTY,AYURVEDA,MAMAEARTH,AMAZON BUSINESS INDIA,22788.91,43768.83,2020-07-05,ACTIVE
10226,SKU-IN-10226,DELL Ages 0-3 Model 788,TOYS,AGES 0-3,DELL,TATA DIGITAL,4088.95,5382.68,2022-08-04,ACTIVE
10227,SKU-IN-10227,TATA Education Model 452,BOOKS,EDUCATION,TATA,FLIPKART WHOLESALE,23688.89,31600.6,2022-05-17,ACTIVE
10228,SKU-IN-10228,RELIANCE Womens Western Model 756,APPAREL,WOMENS WESTERN,RELIANCE,UDAAN DISTRIBUTORS,3743.84,7990.54,2024-04-17,ACTIVE
10229,SKU-IN-10229,XIAOMI Regional Model 652,BOOKS,REGIONAL,XIAOMI,METRO CASH & CARRY,1377.8,3249.91,2024-11-26,ACTIVE
10230,SKU-IN-10230,XIAOMI Womens Ethnic Model 103,APPAREL,WOMENS ETHNIC,XIAOMI,RELIANCE RETAIL,17168.99,40785.5,2024-09-05,ACTIVE
10231,SKU-IN-10231,ADIDAS Ages 9+ Model 454,TOYS,AGES 9+,ADIDAS,METRO CASH & CARRY,35307.91,53460.19,2022-08-01,ACTIVE
10232,SKU-IN-10232,RELIANCE Beverages Model 116,GROCERIES,BEVERAGES,RELIANCE,BIG BASKET SUPPLY,38185.32,81371.45,2024-12-14,ACTIVE
10233,SKU-IN-10233,RELIANCE Mens Ethnic Model 350,APPAREL,MENS ETHNIC,RELIANCE,RELIANCE RETAIL,5104.05,10508.11,2020-04-09,DISCONTINUED
10234,SKU-IN-10234,HALDIRAM Ages 0-3 Model 935,TOYS,AGES 0-3,HALDIRAM,DMART WHOLESALE,155.1,371.08,2021-04-24,ACTIVE
10235,SKU-IN-10235,FABINDIA Atta & Dal Model 162,GROCERIES,ATTA & DAL,FABINDIA,METRO CASH & CARRY,45530.08,78566.44,2021-07-17,DISCONTINUED
10236,SKU-IN-10236,SAMSUNG Ages 0-3 Model 813,TOYS,AGES 0-3,SAMSUNG,UDAAN DISTRIBUTORS,56336.66,121330.87,2021-10-14,DISCONTINUED
10237,SKU-IN-10237,XIAOMI Cookware Model 330,HOME & KITCHEN,COOKWARE,XIAOMI,TATA DIGITAL,615.81,1105.1,2024-10-05,ACTIVE
10238,SKU-IN-10238,ADIDAS Ages 0-3 Model 361,TOYS,AGES 0-3,ADIDAS,BIG BASKET SUPPLY,4812.46,6757.69,2021-05-12,ACTIVE
10239,SKU-IN-10239,SAMSUNG Womens Western Model 374,APPAREL,WOMENS WESTERN,SAMSUNG,UDAAN DISTRIBUTORS,451.73,995.53,2020-04-15,ACTIVE
10240,SKU-IN-10240,HALDIRAM Womens Ethnic Model 115,APPAREL,WOMENS ETHNIC,HALDIRAM,BIG BASKET SUPPLY,2304.0,5283.27,2021-09-12,ACTIVE
10241,SKU-IN-10241,HP Footwear Model 345,APPAREL,FOOTWEAR,HP,DMART WHOLESALE,571.72,1177.36,2022-03-23,ACTIVE
10242,SKU-IN-10242,SAMSUNG Regional Model 577,BOOKS,REGIONAL,SAMSUNG,FLIPKART WHOLESALE,2683.24,4936.46,2022-10-15,DISCONTINUED
10243,SKU-IN-10243,SAMSUNG Makeup Model 859,BEAUTY,MAKEUP,SAMSUNG,METRO CASH & CARRY,3780.3,7170.86,2021-03-29,ACTIVE
10244,SKU-IN-10244,BAJAJ Badminton Model 953,SPORTS,BADMINTON,BAJAJ,BIG BASKET SUPPLY,197.14,298.57,2023-03-12,DISCONTINUED
10245,SKU-IN-10245,HP Fragrance Model 850,BEAUTY,FRAGRANCE,HP,DMART WHOLESALE,54202.0,98332.45,2020-12-10,ACTIVE
10246,SKU-IN-10246,BIBA Decor Model 134,HOME & KITCHEN,DECOR,BIBA,FLIPKART WHOLESALE,79303.29,186427.95,2022-12-09,ACTIVE
10247,SKU-IN-10247,FABINDIA Audio Model 323,ELECTRONICS,AUDIO,FABINDIA,AMAZON BUSINESS INDIA,24663.2,50886.22,2020-01-19,ACTIVE
10248,SKU-IN-10248,HP Wearables Model 521,ELECTRONICS,WEARABLES,HP,RELIANCE RETAIL,43125.52,54234.84,2023-02-03,ACTIVE
10249,SKU-IN-10249,TATA Cricket Model 283,SPORTS,CRICKET,TATA,FLIPKART WHOLESALE,66547.32,134767.5,2024-07-09,ACTIVE
10250,SKU-IN-10250,HALDIRAM Appliances Model 914,HOME & KITCHEN,APPLIANCES,HALDIRAM,UDAAN DISTRIBUTORS,45904.83,100416.66,2021-07-01,ACTIVE
10251,SKU-IN-10251,PUMA Ayurveda Model 800,BEAUTY,AYURVEDA,PUMA,FLIPKART WHOLESALE,25510.97,52343.96,2021-09-06,ACTIVE
10252,SKU-IN-10252,XIAOMI Womens Western Model 819,APPAREL,WOMENS WESTERN,XIAOMI,METRO CASH & CARRY,4779.45,6282.74,2020-01-20,ACTIVE
10253,SKU-IN-10253,GODREJ Ages 4-8 Model 143,TOYS,AGES 4-8,GODREJ,BIG BASKET SUPPLY,78367.7,185724.84,2022-12-17,ACTIVE
10254,SKU-IN-10254,RELIANCE Ages 4-8 Model 677,TOYS,AGES 4-8,RELIANCE,RELIANCE RETAIL,563.32,885.78,2023-01-17,ACTIVE
10255,SKU-IN-10255,HALDIRAM Skincare Model 507,BEAUTY,SKINCARE,HALDIRAM,FLIPKART WHOLESALE,18381.79,40325.87,2024-08-08,ACTIVE
10256,SKU-IN-10256,XIAOMI Appliances Model 857,HOME & KITCHEN,APPLIANCES,XIAOMI,METRO CASH & CARRY,72549.86,118364.32,2024-03-27,ACTIVE
10257,SKU-IN-10257,MAMAEARTH Skincare Model 887,BEAUTY,SKINCARE,MAMAEARTH,UDAAN DISTRIBUTORS,2471.44,3305.36,2023-05-24,ACTIVE
10258,SKU-IN-10258,PUMA Accessories Model 542,ELECTRONICS,ACCESSORIES,PUMA,METRO CASH & CARRY,2442.6,4606.73,2022-02-07,DISCONTINUED
10259,SKU-IN-10259,BAJAJ Kids Model 489,APPAREL,KIDS,BAJAJ,METRO CASH & CARRY,584.83,786.21,2020-11-11,DISCONTINUED
10260,SKU-IN-10260,MAMAEARTH Fragrance Model 879,BEAUTY,FRAGRANCE,MAMAEARTH,TATA DIGITAL,53.9,86.48,2022-01-07,ACTIVE
10261,SKU-IN-10261,BIBA Furniture Model 205,HOME & KITCHEN,FURNITURE,BIBA,RELIANCE RETAIL,4031.67,7611.6,2022-04-15,ACTIVE
10262,SKU-IN-10262,GODREJ Skincare Model 186,BEAUTY,SKINCARE,GODREJ,BIG BASKET SUPPLY,888.85,1534.05,2024-05-14,ACTIVE
10263,SKU-IN-10263,FABINDIA Non-Fiction Model 271,BOOKS,NON-FICTION,FABINDIA,UDAAN DISTRIBUTORS,2968.15,5393.4,2020-05-09,ACTIVE
10264,SKU-IN-10264,HP Education Model 740,BOOKS,EDUCATION,HP,AMAZON BUSINESS INDIA,320.84,749.44,2024-01-16,ACTIVE
10265,SKU-IN-10265,FABINDIA Ages 0-3 Model 735,TOYS,AGES 0-3,FABINDIA,UDAAN DISTRIBUTORS,848.73,1447.12,2024-09-19,ACTIVE
10266,SKU-IN-10266,ADIDAS Ages 4-8 Model 717,TOYS,AGES 4-8,ADIDAS,BIG BASKET SUPPLY,78144.23,109913.23,2021-10-18,DISCONTINUED
10267,SKU-IN-10267,XIAOMI Makeup Model 689,BEAUTY,MAKEUP,XIAOMI,BIG BASKET SUPPLY,2898.43,5939.47,2022-10-02,ACTIVE
10268,SKU-IN-10268,XIAOMI Education Model 658,BOOKS,EDUCATION,XIAOMI,METRO CASH & CARRY,1619.99,3075.43,2023-04-27,ACTIVE
10269,SKU-IN-10269,HALDIRAM Ages 9+ Model 938,TOYS,AGES 9+,HALDIRAM,UDAAN DISTRIBUTORS,6543.34,14434.44,2020-05-21,DISCONTINUED
10270,SKU-IN-10270,PARLE Cookware Model 486,HOME & KITCHEN,COOKWARE,PARLE,FLIPKART WHOLESALE,5542.37,11486.68,2024-06-04,DISCONTINUED
10271,SKU-IN-10271,XIAOMI Ages 9+ Model 528,TOYS,AGES 9+,XIAOMI,RELIANCE RETAIL,44476.11,102670.92,2023-11-17,ACTIVE
10272,SKU-IN-10272,PARLE Mens Ethnic Model 145,APPAREL,MENS ETHNIC,PARLE,UDAAN DISTRIBUTORS,55857.96,80507.48,2023-06-08,ACTIVE
10273,SKU-IN-10273,TATA Fiction Model 671,BOOKS,FICTION,TATA,BIG BASKET SUPPLY,244.05,448.39,2022-11-28,DISCONTINUED
10274,SKU-IN-10274,PUMA Ayurveda Model 125,BEAUTY,AYURVEDA,PUMA,AMAZON BUSINESS INDIA,50378.48,91967.71,2021-12-07,ACTIVE
10275,SKU-IN-10275,BOAT Badminton Model 419,SPORTS,BADMINTON,BOAT,DMART WHOLESALE,673.49,1407.37,2021-12-14,DISCONTINUED
10276,SKU-IN-10276,HP Masala Model 563,GROCERIES,MASALA,HP,DMART WHOLESALE,4228.37,7416.1,2023-11-27,ACTIVE
10277,SKU-IN-10277,MAMAEARTH Fitness Model 919,SPORTS,FITNESS,MAMAEARTH,METRO CASH & CARRY,686.89,1370.46,2023-10-18,ACTIVE
10278,SKU-IN-10278,GODREJ Appliances Model 514,HOME & KITCHEN,APPLIANCES,GODREJ,METRO CASH & CARRY,38698.6,68936.23,2024-06-21,ACTIVE
10279,SKU-IN-10279,TATA Regional Model 539,BOOKS,REGIONAL,TATA,UDAAN DISTRIBUTORS,52215.7,77118.57,2023-04-27,ACTIVE
10280,SKU-IN-10280,ASIAN PAINTS Snacks Model 918,GROCERIES,SNACKS,ASIAN PAINTS,METRO CASH & CARRY,66228.54,87550.71,2020-07-27,ACTIVE
10281,SKU-IN-10281,PUMA Makeup Model 754,BEAUTY,MAKEUP,PUMA,DMART WHOLESALE,246.77,553.27,2022-12-16,DISCONTINUED
10282,SKU-IN-10282,SAMSUNG Fiction Model 789,BOOKS,FICTION,SAMSUNG,TATA DIGITAL,6887.73,13499.72,2024-07-24,ACTIVE
10283,SKU-IN-10283,MAMAEARTH Cookware Model 244,HOME & KITCHEN,COOKWARE,MAMAEARTH,UDAAN DISTRIBUTORS,279.04,407.54,2023-11-21,DISCONTINUED
10284,SKU-IN-10284,ADIDAS Decor Model 277,HOME & KITCHEN,DECOR,ADIDAS,METRO CASH & CARRY,415.0,775.21,2023-08-14,DISCONTINUED
10285,SKU-IN-10285,BIBA Outdoor Model 467,SPORTS,OUTDOOR,BIBA,RELIANCE RETAIL,6862.29,13466.02,2024-11-07,DISCONTINUED
10286,SKU-IN-10286,XIAOMI Appliances Model 603,HOME & KITCHEN,APPLIANCES,XIAOMI,UDAAN DISTRIBUTORS,44391.54,80757.77,2023-11-03,DISCONTINUED
10287,SKU-IN-10287,BOAT Ages 0-3 Model 133,TOYS,AGES 0-3,BOAT,TATA DIGITAL,10221.97,21723.89,2021-08-21,ACTIVE
10288,SKU-IN-10288,PUMA Outdoor Model 623,SPORTS,OUTDOOR,PUMA,FLIPKART WHOLESALE,61461.31,130962.22,2023-01-30,ACTIVE
10289,SKU-IN-10289,RELIANCE Cricket Model 204,SPORTS,CRICKET,RELIANCE,BIG BASKET SUPPLY,39778.39,59720.22,2022-05-20,ACTIVE
10290,SKU-IN-10290,ASIAN PAINTS Audio Model 220,ELECTRONICS,AUDIO,ASIAN PAINTS,BIG BASKET SUPPLY,7007.84,9460.8,2024-11-07,ACTIVE
10291,SKU-IN-10291,BIBA Ayurveda Model 924,BEAUTY,AYURVEDA,BIBA,RELIANCE RETAIL,18024.92,26814.1,2021-02-27,ACTIVE
10292,SKU-IN-10292,GODREJ Outdoor Model 626,SPORTS,OUTDOOR,GODREJ,FLIPKART WHOLESALE,29069.7,55483.76,2024-10-23,ACTIVE
10293,SKU-IN-10293,ASIAN PAINTS Fiction Model 249,BOOKS,FICTION,ASIAN PAINTS,DMART WHOLESALE,17135.95,38487.18,2021-05-26,ACTIVE
10294,SKU-IN-10294,FABINDIA Regional Model 562,BOOKS,REGIONAL,FABINDIA,FLIPKART WHOLESALE,53532.94,105566.14,2022-02-07,ACTIVE
10295,SKU-IN-10295,SAMSUNG Education Model 989,BOOKS,EDUCATION,SAMSUNG,FLIPKART WHOLESALE,7641.83,12428.54,2020-01-06,DISCONTINUED
10296,SKU-IN-10296,XIAOMI Skincare Model 374,BEAUTY,SKINCARE,XIAOMI,DMART WHOLESALE,776.1,1706.31,2022-10-10,ACTIVE
10297,SKU-IN-10297,HP Makeup Model 201,BEAUTY,MAKEUP,HP,AMAZON BUSINESS INDIA,7237.91,15392.08,2020-04-04,ACTIVE
10298,SKU-IN-10298,PUMA Womens Ethnic Model 805,APPAREL,WOMENS ETHNIC,PUMA,METRO CASH & CARRY,804.87,1892.84,2021-02-18,ACTIVE
10299,SKU-IN-10299,BOAT Cookware Model 764,HOME & KITCHEN,COOKWARE,BOAT,METRO CASH & CARRY,33951.35,45657.22,2023-09-22,ACTIVE
10300,SKU-IN-10300,PARLE Education Model 318,BOOKS,EDUCATION,PARLE,AMAZON BUSINESS INDIA,5519.49,11366.02,2020-01-03,ACTIVE
10301,SKU-IN-10301,DELL Appliances Model 936,HOME & KITCHEN,APPLIANCES,DELL,FLIPKART WHOLESALE,40044.82,50427.32,2021-12-04,DISCONTINUED
10302,SKU-IN-10302,BOAT Decor Model 205,HOME & KITCHEN,DECOR,BOAT,DMART WHOLESALE,337.3,705.08,2020-07-28,ACTIVE
10303,SKU-IN-10303,XIAOMI Outdoor Model 643,SPORTS,OUTDOOR,XIAOMI,RELIANCE RETAIL,531.18,1077.61,2020-05-20,ACTIVE
10304,SKU-IN-10304,HALDIRAM Ages 4-8 Model 803,TOYS,AGES 4-8,HALDIRAM,AMAZON BUSINESS INDIA,61875.36,142800.8,2023-06-15,ACTIVE
10305,SKU-IN-10305,FABINDIA Mens Ethnic Model 422,APPAREL,MENS ETHNIC,FABINDIA,METRO CASH & CARRY,492.18,832.59,2022-05-29,ACTIVE
10306,SKU-IN-10306,PARLE Fitness Model 897,SPORTS,FITNESS,PARLE,RELIANCE RETAIL,51271.93,106612.63,2021-08-06,ACTIVE
10307,SKU-IN-10307,DELL Masala Model 902,GROCERIES,MASALA,DELL,BIG BASKET SUPPLY,610.88,971.22,2020-04-21,DISCONTINUED
10308,SKU-IN-10308,PARLE Fiction Model 112,BOOKS,FICTION,PARLE,DMART WHOLESALE,5394.19,7183.25,2024-12-25,ACTIVE
10309,SKU-IN-10309,ADIDAS Decor Model 888,HOME & KITCHEN,DECOR,ADIDAS,FLIPKART WHOLESALE,4733.76,6857.73,2022-08-22,ACTIVE
10310,SKU-IN-10310,ASIAN PAINTS Mens Ethnic Model 507,APPAREL,MENS ETHNIC,ASIAN PAINTS,TATA DIGITAL,79.87,105.39,2024-06-04,DISCONTINUED
10311,SKU-IN-10311,BOAT Regional Model 185,BOOKS,REGIONAL,BOAT,TATA DIGITAL,46632.67,91327.94,2021-07-22,ACTIVE
10312,SKU-IN-10312,GODREJ Snacks Model 797,GROCERIES,SNACKS,GODREJ,FLIPKART WHOLESALE,5022.35,10686.09,2023-08-23,ACTIVE
10313,SKU-IN-10313,RELIANCE Non-Fiction Model 726,BOOKS,NON-FICTION,RELIANCE,RELIANCE RETAIL,114.66,200.62,2022-07-17,ACTIVE
10314,SKU-IN-10314,TATA Furniture Model 455,HOME & KITCHEN,FURNITURE,TATA,TATA DIGITAL,17879.25,22582.44,2022-10-13,ACTIVE
10315,SKU-IN-10315,ASIAN PAINTS Makeup Model 443,BEAUTY,MAKEUP,ASIAN PAINTS,UDAAN DISTRIBUTORS,71821.86,153493.72,2020-03-01,ACTIVE
10316,SKU-IN-10316,BOAT Mens Western Model 979,APPAREL,MENS WESTERN,BOAT,METRO CASH & CARRY,4077.42,6785.41,2022-10-20,ACTIVE
10317,SKU-IN-10317,MAMAEARTH Cookware Model 621,HOME & KITCHEN,COOKWARE,MAMAEARTH,RELIANCE RETAIL,56536.67,78169.5,2024-02-26,ACTIVE
10318,SKU-IN-10318,RELIANCE Mobiles Model 978,ELECTRONICS,MOBILES,RELIANCE,RELIANCE RETAIL,3420.63,7895.71,2021-01-01,DISCONTINUED
10319,SKU-IN-10319,PARLE Atta & Dal Model 179,GROCERIES,ATTA & DAL,PARLE,DMART WHOLESALE,7394.15,11963.18,2024-08-18,ACTIVE
10320,SKU-IN-10320,PARLE Mobiles Model 998,ELECTRONICS,MOBILES,PARLE,AMAZON BUSINESS INDIA,78661.8,184634.29,2020-05-21,ACTIVE
10321,SKU-IN-10321,BOAT Cricket Model 677,SPORTS,CRICKET,BOAT,TATA DIGITAL,40885.72,68453.21,2021-08-20,ACTIVE
10322,SKU-IN-10322,HP Ages 4-8 Model 351,TOYS,AGES 4-8,HP,METRO CASH & CARRY,599.35,1125.9,2024-06-18,ACTIVE
10323,SKU-IN-10323,PARLE Fiction Model 109,BOOKS,FICTION,PARLE,DMART WHOLESALE,32942.51,72984.46,2024-12-01,ACTIVE
10324,SKU-IN-10324,MAMAEARTH Education Model 161,BOOKS,EDUCATION,MAMAEARTH,METRO CASH & CARRY,447.36,681.73,2022-10-04,ACTIVE
10325,SKU-IN-10325,PARLE Mens Ethnic Model 865,APPAREL,MENS ETHNIC,PARLE,FLIPKART WHOLESALE,37740.09,86044.18,2022-07-27,ACTIVE
10326,SKU-IN-10326,BOAT Decor Model 342,HOME & KITCHEN,DECOR,BOAT,TATA DIGITAL,48883.09,85556.67,2020-09-24,ACTIVE
10327,SKU-IN-10327,GODREJ Ayurveda Model 239,BEAUTY,AYURVEDA,GODREJ,FLIPKART WHOLESALE,4059.86,6165.52,2021-02-19,ACTIVE
10328,SKU-IN-10328,PUMA Womens Ethnic Model 888,APPAREL,WOMENS ETHNIC,PUMA,BIG BASKET SUPPLY,3061.04,4251.32,2022-01-03,DISCONTINUED
10329,SKU-IN-10329,ASIAN PAINTS Badminton Model 946,SPORTS,BADMINTON,ASIAN PAINTS,RELIANCE RETAIL,117.82,256.7,2021-09-15,ACTIVE
10330,SKU-IN-10330,BOAT Makeup Model 150,BEAUTY,MAKEUP,BOAT,TATA DIGITAL,25871.75,42923.93,2022-11-17,ACTIVE
10331,SKU-IN-10331,XIAOMI Furniture Model 573,HOME & KITCHEN,FURNITURE,XIAOMI,FLIPKART WHOLESALE,4802.87,9042.07,2020-07-12,ACTIVE
10332,SKU-IN-10332,RELIANCE Mens Ethnic Model 802,APPAREL,MENS ETHNIC,RELIANCE,FLIPKART WHOLESALE,148.04,325.28,2022-02-01,ACTIVE
10333,SKU-IN-10333,BOAT Mens Ethnic Model 194,APPAREL,MENS ETHNIC,BOAT,DMART WHOLESALE,726.87,1279.25,2020-09-20,ACTIVE
10334,SKU-IN-10334,RELIANCE Audio Model 504,ELECTRONICS,AUDIO,RELIANCE,AMAZON BUSINESS INDIA,743.1,1299.04,2024-01-23,ACTIVE
10335,SKU-IN-10335,BIBA Regional Model 556,BOOKS,REGIONAL,BIBA,METRO CASH & CARRY,2345.96,3437.36,2021-07-27,ACTIVE
10336,SKU-IN-10336,HP Atta & Dal Model 386,GROCERIES,ATTA & DAL,HP,UDAAN DISTRIBUTORS,7156.01,12887.16,2020-06-28,ACTIVE
10337,SKU-IN-10337,DELL Non-Fiction Model 119,BOOKS,NON-FICTION,DELL,UDAAN DISTRIBUTORS,523.07,1136.37,2024-06-15,ACTIVE
10338,SKU-IN-10338,HP Ages 9+ Model 376,TOYS,AGES 9+,HP,METRO CASH & CARRY,7371.27,13472.86,2022-03-06,ACTIVE
10339,SKU-IN-10339,TATA Makeup Model 466,BEAUTY,MAKEUP,TATA,BIG BASKET SUPPLY,1221.86,2920.56,2022-12-20,ACTIVE
10340,SKU-IN-10340,PARLE Womens Ethnic Model 157,APPAREL,WOMENS ETHNIC,PARLE,BIG BASKET SUPPLY,4642.56,10027.57,2024-02-18,DISCONTINUED
10341,SKU-IN-10341,BIBA Makeup Model 467,BEAUTY,MAKEUP,BIBA,RELIANCE RETAIL,494.39,1076.36,2023-11-29,ACTIVE
10342,SKU-IN-10342,HP Appliances Model 157,HOME & KITCHEN,APPLIANCES,HP,BIG BASKET SUPPLY,30251.82,54876.86,2020-07-03,ACTIVE
10343,SKU-IN-10343,HP Wearables Model 233,ELECTRONICS,WEARABLES,HP,DMART WHOLESALE,298.8,584.53,2024-07-09,ACTIVE
10344,SKU-IN-10344,TATA Skincare Model 213,BEAUTY,SKINCARE,TATA,DMART WHOLESALE,489.96,1129.26,2024-05-04,ACTIVE
10345,SKU-IN-10345,MAMAEARTH Ayurveda Model 849,BEAUTY,AYURVEDA,MAMAEARTH,UDAAN DISTRIBUTORS,2972.71,4182.36,2020-11-18,DISCONTINUED
10346,SKU-IN-10346,SAMSUNG Makeup Model 414,BEAUTY,MAKEUP,SAMSUNG,TATA DIGITAL,549.15,1200.78,2022-02-13,ACTIVE
10347,SKU-IN-10347,XIAOMI Furniture Model 726,HOME & KITCHEN,FURNITURE,XIAOMI,BIG BASKET SUPPLY,10331.56,20071.61,2024-07-14,ACTIVE
10348,SKU-IN-10348,GODREJ Ages 0-3 Model 271,TOYS,AGES 0-3,GODREJ,FLIPKART WHOLESALE,13602.08,22427.54,2021-10-16,ACTIVE
10349,SKU-IN-10349,ASIAN PAINTS Ages 0-3 Model 905,TOYS,AGES 0-3,ASIAN PAINTS,FLIPKART WHOLESALE,237.16,314.94,2021-06-09,ACTIVE
10350,SKU-IN-10350,PUMA Audio Model 604,ELECTRONICS,AUDIO,PUMA,UDAAN DISTRIBUTORS,38215.03,55078.91,2022-04-27,ACTIVE
10351,SKU-IN-10351,HP Fiction Model 562,BOOKS,FICTION,HP,FLIPKART WHOLESALE,54869.81,111947.28,2020-11-29,ACTIVE
10352,SKU-IN-10352,GODREJ Fitness Model 484,SPORTS,FITNESS,GODREJ,METRO CASH & CARRY,7651.97,10217.91,2020-12-14,ACTIVE
10353,SKU-IN-10353,HP Mens Western Model 721,APPAREL,MENS WESTERN,HP,UDAAN DISTRIBUTORS,10231.51,23878.39,2020-12-03,ACTIVE
10354,SKU-IN-10354,GODREJ Laptops Model 839,ELECTRONICS,LAPTOPS,GODREJ,TATA DIGITAL,780.8,1343.5,2023-02-08,ACTIVE
10355,SKU-IN-10355,MAMAEARTH Outdoor Model 257,SPORTS,OUTDOOR,MAMAEARTH,RELIANCE RETAIL,344.68,648.73,2022-10-02,ACTIVE
10356,SKU-IN-10356,BOAT Audio Model 304,ELECTRONICS,AUDIO,BOAT,FLIPKART WHOLESALE,6732.06,13254.45,2022-09-10,ACTIVE
10357,SKU-IN-10357,BAJAJ Snacks Model 507,GROCERIES,SNACKS,BAJAJ,AMAZON BUSINESS INDIA,405.18,560.3,2024-05-26,DISCONTINUED
10358,SKU-IN-10358,XIAOMI Fitness Model 556,SPORTS,FITNESS,XIAOMI,RELIANCE RETAIL,328.27,554.34,2021-01-17,ACTIVE
10359,SKU-IN-10359,ASIAN PAINTS Ages 4-8 Model 870,TOYS,AGES 4-8,ASIAN PAINTS,FLIPKART WHOLESALE,677.81,1287.08,2020-11-05,ACTIVE
10360,SKU-IN-10360,PARLE Ayurveda Model 528,BEAUTY,AYURVEDA,PARLE,AMAZON BUSINESS INDIA,12390.83,21004.59,2022-12-06,ACTIVE
10361,SKU-IN-10361,BOAT Ages 4-8 Model 684,TOYS,AGES 4-8,BOAT,METRO CASH & CARRY,7300.0,15121.6,2022-10-25,ACTIVE
10362,SKU-IN-10362,BIBA Ages 0-3 Model 180,TOYS,AGES 0-3,BIBA,UDAAN DISTRIBUTORS,656.35,915.68,2022-05-17,ACTIVE
10363,SKU-IN-10363,GODREJ Cookware Model 669,HOME & KITCHEN,COOKWARE,GODREJ,UDAAN DISTRIBUTORS,73820.52,97964.54,2022-03-05,ACTIVE
10364,SKU-IN-10364,TATA Badminton Model 215,SPORTS,BADMINTON,TATA,UDAAN DISTRIBUTORS,52860.17,97841.34,2022-05-09,ACTIVE
10365,SKU-IN-10365,MAMAEARTH Furniture Model 648,HOME & KITCHEN,FURNITURE,MAMAEARTH,DMART WHOLESALE,64127.22,138104.86,2024-11-11,DISCONTINUED
10366,SKU-IN-10366,HP Badminton Model 512,SPORTS,BADMINTON,HP,METRO CASH & CARRY,51845.27,67040.37,2021-07-18,DISCONTINUED
10367,SKU-IN-10367,GODREJ Audio Model 481,ELECTRONICS,AUDIO,GODREJ,RELIANCE RETAIL,25105.71,52913.1,2021-07-04,ACTIVE
10368,SKU-IN-10368,ASIAN PAINTS Cricket Model 333,SPORTS,CRICKET,ASIAN PAINTS,METRO CASH & CARRY,6979.29,14220.86,2024-11-14,ACTIVE
10369,SKU-IN-10369,ASIAN PAINTS Ages 4-8 Model 552,TOYS,AGES 4-8,ASIAN PAINTS,BIG BASKET SUPPLY,38007.64,75725.97,2021-01-19,DISCONTINUED
10370,SKU-IN-10370,SAMSUNG Ages 9+ Model 826,TOYS,AGES 9+,SAMSUNG,UDAAN DISTRIBUTORS,436.45,625.35,2021-09-29,ACTIVE
10371,SKU-IN-10371,HALDIRAM Mobiles Model 151,ELECTRONICS,MOBILES,HALDIRAM,DMART WHOLESALE,677.73,1041.61,2022-07-23,ACTIVE
10372,SKU-IN-10372,PUMA Cricket Model 131,SPORTS,CRICKET,PUMA,BIG BASKET SUPPLY,36579.84,84555.57,2023-10-27,ACTIVE
10373,SKU-IN-10373,PUMA Ages 9+ Model 458,TOYS,AGES 9+,PUMA,DMART WHOLESALE,770.39,1383.44,2023-02-03,ACTIVE
10374,SKU-IN-10374,BAJAJ Fitness Model 898,SPORTS,FITNESS,BAJAJ,BIG BASKET SUPPLY,339.92,488.58,2023-03-17,ACTIVE
10375,SKU-IN-10375,ASIAN PAINTS Snacks Model 885,GROCERIES,SNACKS,ASIAN PAINTS,RELIANCE RETAIL,37484.52,47720.05,2024-05-17,DISCONTINUED
10376,SKU-IN-10376,TATA Appliances Model 829,HOME & KITCHEN,APPLIANCES,TATA,TATA DIGITAL,239.29,520.66,2021-09-17,DISCONTINUED
10377,SKU-IN-10377,PUMA Education Model 944,BOOKS,EDUCATION,PUMA,UDAAN DISTRIBUTORS,2371.11,3787.77,2022-12-02,ACTIVE
10378,SKU-IN-10378,SAMSUNG Wearables Model 800,ELECTRONICS,WEARABLES,SAMSUNG,FLIPKART WHOLESALE,54608.63,106509.09,2021-09-03,DISCONTINUED
10379,SKU-IN-10379,ASIAN PAINTS Mens Western Model 828,APPAREL,MENS WESTERN,ASIAN PAINTS,TATA DIGITAL,31409.87,49263.8,2023-09-05,ACTIVE
10380,SKU-IN-10380,RELIANCE Appliances Model 838,HOME & KITCHEN,APPLIANCES,RELIANCE,RELIANCE RETAIL,37095.09,60002.18,2020-10-13,DISCONTINUED
10381,SKU-IN-10381,ADIDAS Cricket Model 685,SPORTS,CRICKET,ADIDAS,BIG BASKET SUPPLY,3595.58,4640.52,2023-12-21,ACTIVE
10382,SKU-IN-10382,HP Masala Model 960,GROCERIES,MASALA,HP,METRO CASH & CARRY,33811.79,53937.38,2020-12-14,ACTIVE
10383,SKU-IN-10383,FABINDIA Womens Western Model 287,APPAREL,WOMENS WESTERN,FABINDIA,DMART WHOLESALE,26622.93,58027.22,2024-04-11,ACTIVE
10384,SKU-IN-10384,PARLE Atta & Dal Model 439,GROCERIES,ATTA & DAL,PARLE,DMART WHOLESALE,70743.12,122636.27,2024-12-21,ACTIVE
10385,SKU-IN-10385,MAMAEARTH Badminton Model 735,SPORTS,BADMINTON,MAMAEARTH,FLIPKART WHOLESALE,1186.47,2348.68,2023-04-03,DISCONTINUED
10386,SKU-IN-10386,MAMAEARTH Masala Model 991,GROCERIES,MASALA,MAMAEARTH,METRO CASH & CARRY,35480.18,56523.8,2020-04-20,ACTIVE
10387,SKU-IN-10387,ADIDAS Atta & Dal Model 423,GROCERIES,ATTA & DAL,ADIDAS,METRO CASH & CARRY,72284.85,172373.82,2020-10-20,ACTIVE
10388,SKU-IN-10388,BIBA Ages 4-8 Model 314,TOYS,AGES 4-8,BIBA,METRO CASH & CARRY,5368.39,6739.59,2021-07-14,ACTIVE
10389,SKU-IN-10389,FABINDIA Ages 0-3 Model 588,TOYS,AGES 0-3,FABINDIA,UDAAN DISTRIBUTORS,39227.22,68405.26,2022-05-28,ACTIVE
10390,SKU-IN-10390,HALDIRAM Wearables Model 875,ELECTRONICS,WEARABLES,HALDIRAM,BIG BASKET SUPPLY,34863.3,44143.52,2021-10-21,ACTIVE
10391,SKU-IN-10391,PARLE Mobiles Model 492,ELECTRONICS,MOBILES,PARLE,TATA DIGITAL,71142.93,114462.29,2020-07-29,ACTIVE
10392,SKU-IN-10392,BAJAJ Mens Ethnic Model 445,APPAREL,MENS ETHNIC,BAJAJ,UDAAN DISTRIBUTORS,4082.67,7546.13,2022-12-09,ACTIVE
10393,SKU-IN-10393,SAMSUNG Ayurveda Model 513,BEAUTY,AYURVEDA,SAMSUNG,RELIANCE RETAIL,173.66,398.19,2024-07-20,ACTIVE
10394,SKU-IN-10394,HALDIRAM Snacks Model 475,GROCERIES,SNACKS,HALDIRAM,RELIANCE RETAIL,9577.76,17530.45,2020-09-09,DISCONTINUED
10395,SKU-IN-10395,RELIANCE Fitness Model 806,SPORTS,FITNESS,RELIANCE,FLIPKART WHOLESALE,15784.17,34907.29,2020-04-08,DISCONTINUED
10396,SKU-IN-10396,MAMAEARTH Ages 4-8 Model 811,TOYS,AGES 4-8,MAMAEARTH,RELIANCE RETAIL,26197.16,53891.45,2021-02-24,ACTIVE
10397,SKU-IN-10397,DELL Fiction Model 950,BOOKS,FICTION,DELL,FLIPKART WHOLESALE,5284.14,10863.32,2022-05-07,ACTIVE
10398,SKU-IN-10398,MAMAEARTH Fitness Model 951,SPORTS,FITNESS,MAMAEARTH,BIG BASKET SUPPLY,2230.26,3300.14,2021-06-22,ACTIVE
10399,SKU-IN-10399,BIBA Education Model 592,BOOKS,EDUCATION,BIBA,DMART WHOLESALE,461.1,1059.11,2023-11-10,ACTIVE
10400,SKU-IN-10400,BOAT Laptops Model 192,ELECTRONICS,LAPTOPS,BOAT,FLIPKART WHOLESALE,676.42,1365.95,2020-11-01,ACTIVE
10401,SKU-IN-10401,PUMA Outdoor Model 278,SPORTS,OUTDOOR,PUMA,RELIANCE RETAIL,2701.7,3532.72,2024-07-23,ACTIVE
10402,SKU-IN-10402,ADIDAS Fragrance Model 146,BEAUTY,FRAGRANCE,ADIDAS,RELIANCE RETAIL,16344.88,36431.64,2024-12-28,ACTIVE
10403,SKU-IN-10403,SAMSUNG Cookware Model 195,HOME & KITCHEN,COOKWARE,SAMSUNG,DMART WHOLESALE,7676.64,11964.47,2024-02-10,ACTIVE
10404,SKU-IN-10404,XIAOMI Furniture Model 806,HOME & KITCHEN,FURNITURE,XIAOMI,AMAZON BUSINESS INDIA,7728.63,12076.82,2022-02-28,DISCONTINUED
10405,SKU-IN-10405,FABINDIA Furniture Model 263,HOME & KITCHEN,FURNITURE,FABINDIA,FLIPKART WHOLESALE,60301.6,143445.72,2024-09-25,DISCONTINUED
10406,SKU-IN-10406,PUMA Ages 9+ Model 129,TOYS,AGES 9+,PUMA,METRO CASH & CARRY,508.49,1091.24,2023-06-06,DISCONTINUED
10407,SKU-IN-10407,ADIDAS Ages 0-3 Model 112,TOYS,AGES 0-3,ADIDAS,BIG BASKET SUPPLY,1131.0,1754.02,2021-10-05,ACTIVE
10408,SKU-IN-10408,PARLE Womens Western Model 252,APPAREL,WOMENS WESTERN,PARLE,RELIANCE RETAIL,3289.4,6670.05,2022-02-27,ACTIVE
10409,SKU-IN-10409,HP Decor Model 438,HOME & KITCHEN,DECOR,HP,TATA DIGITAL,106.15,192.7,2021-05-08,ACTIVE
10410,SKU-IN-10410,XIAOMI Masala Model 920,GROCERIES,MASALA,XIAOMI,AMAZON BUSINESS INDIA,6683.14,8959.79,2022-06-28,ACTIVE
10411,SKU-IN-10411,GODREJ Ages 4-8 Model 205,TOYS,AGES 4-8,GODREJ,UDAAN DISTRIBUTORS,785.5,1655.07,2020-02-06,DISCONTINUED
10412,SKU-IN-10412,TATA Wearables Model 411,ELECTRONICS,WEARABLES,TATA,BIG BASKET SUPPLY,643.84,1517.95,2023-07-29,DISCONTINUED
10413,SKU-IN-10413,RELIANCE Fragrance Model 734,BEAUTY,FRAGRANCE,RELIANCE,AMAZON BUSINESS INDIA,683.24,1114.89,2024-04-20,ACTIVE
10414,SKU-IN-10414,MAMAEARTH Ages 0-3 Model 748,TOYS,AGES 0-3,MAMAEARTH,TATA DIGITAL,23965.79,39365.26,2024-08-26,ACTIVE
10415,SKU-IN-10415,BIBA Mens Ethnic Model 519,APPAREL,MENS ETHNIC,BIBA,FLIPKART WHOLESALE,1811.23,3757.19,2024-01-17,ACTIVE
10416,SKU-IN-10416,MAMAEARTH Snacks Model 833,GROCERIES,SNACKS,MAMAEARTH,DMART WHOLESALE,2352.24,5170.78,2021-01-25,ACTIVE
10417,SKU-IN-10417,MAMAEARTH Fiction Model 237,BOOKS,FICTION,MAMAEARTH,AMAZON BUSINESS INDIA,4093.19,7890.5,2022-10-29,ACTIVE
10418,SKU-IN-10418,ADIDAS Wearables Model 808,ELECTRONICS,WEARABLES,ADIDAS,METRO CASH & CARRY,42771.1,78467.13,2020-12-28,ACTIVE
10419,SKU-IN-10419,GODREJ Womens Western Model 809,APPAREL,WOMENS WESTERN,GODREJ,BIG BASKET SUPPLY,71460.12,123730.66,2023-06-01,ACTIVE
10420,SKU-IN-10420,BAJAJ Education Model 816,BOOKS,EDUCATION,BAJAJ,TATA DIGITAL,6594.54,9291.09,2023-05-18,ACTIVE
10421,SKU-IN-10421,HALDIRAM Snacks Model 235,GROCERIES,SNACKS,HALDIRAM,METRO CASH & CARRY,59435.69,121225.21,2023-10-09,ACTIVE
10422,SKU-IN-10422,HP Mens Western Model 790,APPAREL,MENS WESTERN,HP,TATA DIGITAL,49085.95,99017.69,2022-05-04,DISCONTINUED
10423,SKU-IN-10423,MAMAEARTH Wearables Model 304,ELECTRONICS,WEARABLES,MAMAEARTH,TATA DIGITAL,335.65,440.05,2020-04-25,ACTIVE
10424,SKU-IN-10424,FABINDIA Cricket Model 654,SPORTS,CRICKET,FABINDIA,RELIANCE RETAIL,567.95,902.71,2024-03-23,ACTIVE
10425,SKU-IN-10425,PARLE Ages 0-3 Model 903,TOYS,AGES 0-3,PARLE,TATA DIGITAL,54592.6,92655.63,2022-11-12,ACTIVE
10426,SKU-IN-10426,ADIDAS Regional Model 861,BOOKS,REGIONAL,ADIDAS,TATA DIGITAL,30511.09,57511.67,2020-01-27,ACTIVE
10427,SKU-IN-10427,SAMSUNG Ages 0-3 Model 842,TOYS,AGES 0-3,SAMSUNG,BIG BASKET SUPPLY,47356.29,92055.66,2024-05-08,ACTIVE
10428,SKU-IN-10428,BOAT Ages 0-3 Model 486,TOYS,AGES 0-3,BOAT,RELIANCE RETAIL,771.86,1617.31,2020-09-01,DISCONTINUED
10429,SKU-IN-10429,FABINDIA Cricket Model 577,SPORTS,CRICKET,FABINDIA,METRO CASH & CARRY,487.99,753.1,2021-11-07,ACTIVE
10430,SKU-IN-10430,RELIANCE Cookware Model 908,HOME & KITCHEN,COOKWARE,RELIANCE,DMART WHOLESALE,52323.82,105232.29,2022-10-01,ACTIVE
10431,SKU-IN-10431,BIBA Makeup Model 656,BEAUTY,MAKEUP,BIBA,UDAAN DISTRIBUTORS,12908.71,23634.7,2022-05-01,ACTIVE
10432,SKU-IN-10432,HALDIRAM Makeup Model 870,BEAUTY,MAKEUP,HALDIRAM,AMAZON BUSINESS INDIA,31895.61,53103.56,2021-03-23,ACTIVE
10433,SKU-IN-10433,SAMSUNG Footwear Model 349,APPAREL,FOOTWEAR,SAMSUNG,RELIANCE RETAIL,2530.5,5032.16,2023-06-26,ACTIVE
10434,SKU-IN-10434,XIAOMI Fiction Model 941,BOOKS,FICTION,XIAOMI,DMART WHOLESALE,4689.71,7387.48,2022-11-24,DISCONTINUED
10435,SKU-IN-10435,BAJAJ Ages 0-3 Model 271,TOYS,AGES 0-3,BAJAJ,RELIANCE RETAIL,21860.89,40245.44,2020-07-15,ACTIVE
10436,SKU-IN-10436,ADIDAS Snacks Model 859,GROCERIES,SNACKS,ADIDAS,UDAAN DISTRIBUTORS,204.18,449.82,2024-12-04,ACTIVE
10437,SKU-IN-10437,PUMA Furniture Model 282,HOME & KITCHEN,FURNITURE,PUMA,TATA DIGITAL,31883.51,43063.43,2020-04-21,ACTIVE
10438,SKU-IN-10438,ADIDAS Atta & Dal Model 117,GROCERIES,ATTA & DAL,ADIDAS,UDAAN DISTRIBUTORS,4048.1,6942.96,2021-10-09,ACTIVE
10439,SKU-IN-10439,BOAT Wearables Model 466,ELECTRONICS,WEARABLES,BOAT,FLIPKART WHOLESALE,50163.78,103137.45,2020-05-28,ACTIVE
10440,SKU-IN-10440,BAJAJ Fitness Model 585,SPORTS,FITNESS,BAJAJ,METRO CASH & CARRY,3546.18,7785.43,2020-03-04,ACTIVE
10441,SKU-IN-10441,BAJAJ Decor Model 987,HOME & KITCHEN,DECOR,BAJAJ,DMART WHOLESALE,18373.44,37277.55,2024-06-16,ACTIVE
10442,SKU-IN-10442,RELIANCE Furniture Model 187,HOME & KITCHEN,FURNITURE,RELIANCE,TATA DIGITAL,479.54,816.75,2023-01-26,ACTIVE
10443,SKU-IN-10443,ADIDAS Makeup Model 326,BEAUTY,MAKEUP,ADIDAS,TATA DIGITAL,69305.04,97985.09,2021-01-11,ACTIVE
10444,SKU-IN-10444,RELIANCE Womens Ethnic Model 787,APPAREL,WOMENS ETHNIC,RELIANCE,FLIPKART WHOLESALE,41211.09,77563.98,2021-08-18,ACTIVE
10445,SKU-IN-10445,HP Womens Ethnic Model 202,APPAREL,WOMENS ETHNIC,HP,TATA DIGITAL,3371.4,6816.94,2021-04-25,ACTIVE
10446,SKU-IN-10446,HP Atta & Dal Model 698,GROCERIES,ATTA & DAL,HP,METRO CASH & CARRY,3164.09,6354.55,2023-11-21,ACTIVE
10447,SKU-IN-10447,BIBA Ayurveda Model 857,BEAUTY,AYURVEDA,BIBA,UDAAN DISTRIBUTORS,284.91,613.56,2023-12-29,ACTIVE
10448,SKU-IN-10448,GODREJ Makeup Model 598,BEAUTY,MAKEUP,GODREJ,FLIPKART WHOLESALE,4132.51,6870.52,2021-09-17,ACTIVE
10449,SKU-IN-10449,FABINDIA Mens Western Model 178,APPAREL,MENS WESTERN,FABINDIA,FLIPKART WHOLESALE,22143.1,46358.27,2023-07-07,ACTIVE
10450,SKU-IN-10450,XIAOMI Wearables Model 656,ELECTRONICS,WEARABLES,XIAOMI,AMAZON BUSINESS INDIA,23318.77,30131.46,2021-06-17,ACTIVE
10451,SKU-IN-10451,PARLE Ayurveda Model 613,BEAUTY,AYURVEDA,PARLE,FLIPKART WHOLESALE,60792.33,96334.51,2022-08-09,DISCONTINUED
10452,SKU-IN-10452,PARLE Skincare Model 556,BEAUTY,SKINCARE,PARLE,METRO CASH & CARRY,57259.64,121435.5,2020-10-14,ACTIVE
10453,SKU-IN-10453,SAMSUNG Decor Model 370,HOME & KITCHEN,DECOR,SAMSUNG,DMART WHOLESALE,214.11,387.71,2020-05-08,ACTIVE
10454,SKU-IN-10454,DELL Mobiles Model 147,ELECTRONICS,MOBILES,DELL,RELIANCE RETAIL,3594.27,8286.9,2024-12-10,ACTIVE
10455,SKU-IN-10455,DELL Footwear Model 692,APPAREL,FOOTWEAR,DELL,METRO CASH & CARRY,67734.6,149700.45,2021-06-23,DISCONTINUED
10456,SKU-IN-10456,BOAT Education Model 628,BOOKS,EDUCATION,BOAT,UDAAN DISTRIBUTORS,26114.22,61853.49,2021-04-01,ACTIVE
10457,SKU-IN-10457,HP Ayurveda Model 269,BEAUTY,AYURVEDA,HP,BIG BASKET SUPPLY,8475.03,19190.34,2022-06-19,ACTIVE
10458,SKU-IN-10458,FABINDIA Outdoor Model 221,SPORTS,OUTDOOR,FABINDIA,BIG BASKET SUPPLY,168.02,326.35,2024-07-31,DISCONTINUED
10459,SKU-IN-10459,HP Skincare Model 762,BEAUTY,SKINCARE,HP,UDAAN DISTRIBUTORS,42474.65,63385.33,2020-11-26,ACTIVE
10460,SKU-IN-10460,FABINDIA Beverages Model 140,GROCERIES,BEVERAGES,FABINDIA,METRO CASH & CARRY,50649.03,71158.48,2022-11-15,ACTIVE
10461,SKU-IN-10461,BIBA Cookware Model 752,HOME & KITCHEN,COOKWARE,BIBA,RELIANCE RETAIL,76993.16,149309.84,2023-02-28,ACTIVE
10462,SKU-IN-10462,PUMA Womens Ethnic Model 324,APPAREL,WOMENS ETHNIC,PUMA,UDAAN DISTRIBUTORS,79479.86,178622.86,2020-12-15,ACTIVE
10463,SKU-IN-10463,BIBA Cookware Model 704,HOME & KITCHEN,COOKWARE,BIBA,FLIPKART WHOLESALE,57362.56,132547.94,2023-05-06,ACTIVE
10464,SKU-IN-10464,FABINDIA Regional Model 800,BOOKS,REGIONAL,FABINDIA,UDAAN DISTRIBUTORS,62.42,115.55,2022-10-29,ACTIVE
10465,SKU-IN-10465,HP Womens Ethnic Model 615,APPAREL,WOMENS ETHNIC,HP,FLIPKART WHOLESALE,51186.59,115651.78,2022-12-24,ACTIVE
10466,SKU-IN-10466,FABINDIA Ages 9+ Model 794,TOYS,AGES 9+,FABINDIA,UDAAN DISTRIBUTORS,46828.59,58600.37,2024-05-05,DISCONTINUED
10467,SKU-IN-10467,DELL Skincare Model 887,BEAUTY,SKINCARE,DELL,UDAAN DISTRIBUTORS,2452.3,5327.98,2024-06-05,ACTIVE
10468,SKU-IN-10468,FABINDIA Womens Western Model 185,APPAREL,WOMENS WESTERN,FABINDIA,TATA DIGITAL,4235.42,6426.78,2024-10-25,DISCONTINUED
10469,SKU-IN-10469,TATA Outdoor Model 220,SPORTS,OUTDOOR,TATA,RELIANCE RETAIL,61542.49,77431.6,2022-12-06,DISCONTINUED
10470,SKU-IN-10470,ADIDAS Atta & Dal Model 359,GROCERIES,ATTA & DAL,ADIDAS,TATA DIGITAL,1567.4,2727.25,2023-04-13,DISCONTINUED
10471,SKU-IN-10471,XIAOMI Fragrance Model 283,BEAUTY,FRAGRANCE,XIAOMI,DMART WHOLESALE,359.92,774.32,2022-09-15,DISCONTINUED
10472,SKU-IN-10472,SAMSUNG Cricket Model 775,SPORTS,CRICKET,SAMSUNG,FLIPKART WHOLESALE,36665.34,51653.35,2024-11-04,ACTIVE
10473,SKU-IN-10473,BIBA Ages 9+ Model 920,TOYS,AGES 9+,BIBA,RELIANCE RETAIL,210.84,360.67,2021-11-24,ACTIVE
10474,SKU-IN-10474,BOAT Fiction Model 165,BOOKS,FICTION,BOAT,TATA DIGITAL,403.75,783.39,2020-06-29,ACTIVE
10475,SKU-IN-10475,RELIANCE Skincare Model 771,BEAUTY,SKINCARE,RELIANCE,TATA DIGITAL,35671.47,84973.56,2023-06-11,ACTIVE
10476,SKU-IN-10476,PUMA Decor Model 630,HOME & KITCHEN,DECOR,PUMA,TATA DIGITAL,201.28,403.65,2024-07-04,ACTIVE
10477,SKU-IN-10477,DELL Wearables Model 136,ELECTRONICS,WEARABLES,DELL,DMART WHOLESALE,58288.38,114097.67,2023-10-12,ACTIVE
10478,SKU-IN-10478,BOAT Mobiles Model 515,ELECTRONICS,MOBILES,BOAT,BIG BASKET SUPPLY,6413.64,10621.61,2022-03-20,ACTIVE
10479,SKU-IN-10479,BAJAJ Mens Ethnic Model 455,APPAREL,MENS ETHNIC,BAJAJ,TATA DIGITAL,67743.07,155962.18,2021-12-13,ACTIVE
10480,SKU-IN-10480,XIAOMI Dairy Model 209,GROCERIES,DAIRY,XIAOMI,FLIPKART WHOLESALE,8334.9,12096.36,2022-11-02,ACTIVE
10481,SKU-IN-10481,DELL Skincare Model 356,BEAUTY,SKINCARE,DELL,AMAZON BUSINESS INDIA,7108.01,15531.85,2023-03-23,DISCONTINUED
10482,SKU-IN-10482,GODREJ Ages 0-3 Model 128,TOYS,AGES 0-3,GODREJ,AMAZON BUSINESS INDIA,5707.48,13018.78,2024-10-31,ACTIVE
10483,SKU-IN-10483,XIAOMI Fitness Model 335,SPORTS,FITNESS,XIAOMI,DMART WHOLESALE,64783.23,97397.68,2023-12-07,DISCONTINUED
10484,SKU-IN-10484,ASIAN PAINTS Skincare Model 940,BEAUTY,SKINCARE,ASIAN PAINTS,DMART WHOLESALE,265.47,453.63,2024-03-13,ACTIVE
10485,SKU-IN-10485,GODREJ Decor Model 864,HOME & KITCHEN,DECOR,GODREJ,BIG BASKET SUPPLY,2373.68,4533.18,2021-01-09,DISCONTINUED
10486,SKU-IN-10486,PARLE Snacks Model 956,GROCERIES,SNACKS,PARLE,DMART WHOLESALE,2288.81,3394.72,2021-05-26,ACTIVE
10487,SKU-IN-10487,BOAT Mens Ethnic Model 882,APPAREL,MENS ETHNIC,BOAT,RELIANCE RETAIL,76816.14,139541.48,2020-01-14,DISCONTINUED
10488,SKU-IN-10488,HP Fragrance Model 623,BEAUTY,FRAGRANCE,HP,TATA DIGITAL,70551.36,128010.23,2024-04-14,DISCONTINUED
10489,SKU-IN-10489,FABINDIA Masala Model 133,GROCERIES,MASALA,FABINDIA,DMART WHOLESALE,444.3,771.59,2023-01-12,DISCONTINUED
10490,SKU-IN-10490,MAMAEARTH Decor Model 112,HOME & KITCHEN,DECOR,MAMAEARTH,BIG BASKET SUPPLY,45310.77,73086.22,2020-01-18,DISCONTINUED
10491,SKU-IN-10491,SAMSUNG Mens Western Model 342,APPAREL,MENS WESTERN,SAMSUNG,TATA DIGITAL,70052.63,102642.89,2021-06-22,DISCONTINUED
10492,SKU-IN-10492,BIBA Fragrance Model 481,BEAUTY,FRAGRANCE,BIBA,DMART WHOLESALE,3852.39,6672.17,2024-03-20,DISCONTINUED
10493,SKU-IN-10493,BIBA Badminton Model 933,SPORTS,BADMINTON,BIBA,FLIPKART WHOLESALE,17442.02,33353.97,2021-04-13,ACTIVE
10494,SKU-IN-10494,ADIDAS Masala Model 253,GROCERIES,MASALA,ADIDAS,AMAZON BUSINESS INDIA,2211.66,4799.4,2024-02-21,ACTIVE
10495,SKU-IN-10495,HP Decor Model 646,HOME & KITCHEN,DECOR,HP,DMART WHOLESALE,796.67,1774.02,2022-11-24,DISCONTINUED
10496,SKU-IN-10496,RELIANCE Cricket Model 933,SPORTS,CRICKET,RELIANCE,TATA DIGITAL,1512.62,2174.91,2021-03-17,DISCONTINUED
10497,SKU-IN-10497,GODREJ Womens Western Model 363,APPAREL,WOMENS WESTERN,GODREJ,DMART WHOLESALE,3398.93,6438.94,2024-07-16,ACTIVE
10498,SKU-IN-10498,SAMSUNG Fiction Model 765,BOOKS,FICTION,SAMSUNG,METRO CASH & CARRY,77344.39,114377.03,2023-03-25,ACTIVE
10499,SKU-IN-10499,DELL Fragrance Model 490,BEAUTY,FRAGRANCE,DELL,TATA DIGITAL,6378.16,11250.88,2020-06-09,DISCONTINUED
10500,SKU-IN-10500,GODREJ Appliances Model 173,HOME & KITCHEN,APPLIANCES,GODREJ,FLIPKART WHOLESALE,5345.17,10195.29,2024-10-04,ACTIVE
